Workbook

Sheet EDE_INF
I1: No modificar columna! | K1: No modificar columna!
A2: TCCN | B2: PTE | C2: ZZZ | D2: TTT | E2: UUU | F2: VVV | G2: WWW | H2: Ocultar | I2: MASCARA SAP | J2: DENOMINACIÓN | K2: NIVEL | L2: TAG N° | M2: TIPO UT
A4: TCCN | H4: =CONCATENATE(A4,"-",B4,"-",C4,"-",D4,"-",E4,"-",F4,"-",G4) -> TCCN------ | I4: =MID(H4,1,(LEN(H4)-VLOOKUP(K4,datos!$B$2:$C$12,2,0))) -> TCCN | J4: GERENCIA DE FUNDICION | K4: =VLOOKUP(LEN(SUBSTITUTE(H4,"-","")),datos!$A$1:$B$12,2,0) -> 1 | M4: P
A5: TCCN | B5: PTE | H5: =CONCATENATE(A5,"-",B5,"-",C5,"-",D5,"-",E5,"-",F5,"-",G5) -> TCCN-PTE----- | I5: =MID(H5,1,(LEN(H5)-VLOOKUP(K5,datos!$B$2:$C$12,2,0))) -> TCCN-PTE | J5: PLANTA TRATAMIENTO DE ESCORIA | K5: =VLOOKUP(LEN(SUBSTITUTE(H5,"-","")),datos!$A$1:$B$12,2,0) -> 2 | M5: P
A6: TCCN | B6: PTE | C6: PCH | H6: =CONCATENATE(A6,"-",B6,"-",C6,"-",D6,"-",E6,"-",F6,"-",G6) -> TCCN-PTE-PCH---- | I6: =MID(H6,1,(LEN(H6)-VLOOKUP(K6,datos!$B$2:$C$12,2,0))) -> TCCN-PTE-PCH | J6: 7100 - CHANCADO Y ACOPIO | K6: =VLOOKUP(LEN(SUBSTITUTE(H6,"-","")),datos!$A$1:$B$12,2,0) -> 3 | M6: P
A7: TCCN | B7: PTE | C7: PCH | D7: CNP | H7: =CONCATENATE(A7,"-",B7,"-",C7,"-",D7,"-",E7,"-",F7,"-",G7) -> TCCN-PTE-PCH-CNP--- | I7: =MID(H7,1,(LEN(H7)-VLOOKUP(K7,datos!$B$2:$C$12,2,0))) -> TCCN-PTE-PCH-CNP | J7: RECEPCION CHANCADO ACOPIO- 7110/20/80 | K7: =VLOOKUP(LEN(SUBSTITUTE(H7,"-","")),datos!$A$1:$B$12,2,0) -> 4 | M7: P
A8: TCCN | B8: PTE | C8: PCH | D8: CNP | E8: PTF | H8: =CONCATENATE(A8,"-",B8,"-",C8,"-",D8,"-",E8,"-",F8,"-",G8) -> TCCN-PTE-PCH-CNP-PTF-- | I8: =MID(H8,1,(LEN(H8)-VLOOKUP(K8,datos!$B$2:$C$12,2,0))) -> TCCN-PTE-PCH-CNP-PTF | J8: PLATAFORMA DE DESCARGA | K8: =VLOOKUP(LEN(SUBSTITUTE(H8,"-","")),datos!$A$1:$B$12,2,0) -> 5 | M8: P
A9: TCCN | B9: PTE | C9: PCH | D9: CNP | E9: PTF | F9: INS | H9: =CONCATENATE(A9,"-",B9,"-",C9,"-",D9,"-",E9,"-",F9,"-",G9) -> TCCN-PTE-PCH-CNP-PTF-INS- | I9: =MID(H9,1,(LEN(H9)-VLOOKUP(K9,datos!$B$2:$C$12,2,0))) -> TCCN-PTE-PCH-CNP-PTF-INS | J9: SISTEMA INSTRUMENTACION PLATAFORMA DESC | K9: =VLOOKUP(LEN(SUBSTITUTE(H9,"-","")),datos!$A$1:$B$12,2,0) -> 6 | M9: P
A10: TCCN | B10: PTE | C10: PCH | D10: CNP | E10: PTF | F10: INS | G10: SMF | H10: =CONCATENATE(A10,"-",B10,"-",C10,"-",D10,"-",E10,"-",F10,"-",G10) -> TCCN-PTE-PCH-CNP-PTF-INS-SMF | I10: =MID(H10,1,(LEN(H10)-VLOOKUP(K10,datos!$B$2:$C$12,2,0))) -> TCCN-PTE-PCH-CNP-PTF-INS-SMF | J10: SEMAFORO PLATAFORMA DESCARGA | K10: =VLOOKUP(LEN(SUBSTITUTE(H10,"-","")),datos!$A$1:$B$12,2,0) -> 7 | L10: 07110-YL-0100 | M10: P
A11: TCCN | B11: PTE | C11: PCH | D11: CNP | E11: PTF | F11: INS | G11: SPO | H11: =CONCATENATE(A11,"-",B11,"-",C11,"-",D11,"-",E11,"-",F11,"-",G11) -> TCCN-PTE-PCH-CNP-PTF-INS-SPO | I11: =MID(H11,1,(LEN(H11)-VLOOKUP(K11,datos!$B$2:$C$12,2,0))) -> TCCN-PTE-PCH-CNP-PTF-INS-SPO | J11: POSICION CAMION PLATAFORMA DESCARGA | K11: =VLOOKUP(LEN(SUBSTITUTE(H11,"-","")),datos!$A$1:$B$12,2,0) -> 7 | L11: 07110-ZS/ZX-0103 | M11: P
A12: TCCN | B12: PTE | C12: PCH | D12: CNP | E12: TOL | H12: =CONCATENATE(A12,"-",B12,"-",C12,"-",D12,"-",E12,"-",F12,"-",G12) -> TCCN-PTE-PCH-CNP-TOL-- | I12: =MID(H12,1,(LEN(H12)-VLOOKUP(K12,datos!$B$2:$C$12,2,0))) -> TCCN-PTE-PCH-CNP-TOL | J12: TOLVA RECEPCION DE ESCORIA | K12: =VLOOKUP(LEN(SUBSTITUTE(H12,"-","")),datos!$A$1:$B$12,2,0) -> 5 | L12: 07110-TOL-001 | M12: P
A13: TCCN | B13: PTE | C13: PCH | D13: CNP | E13: TOL | F13: INS | H13: =CONCATENATE(A13,"-",B13,"-",C13,"-",D13,"-",E13,"-",F13,"-",G13) -> TCCN-PTE-PCH-CNP-TOL-INS- | I13: =MID(H13,1,(LEN(H13)-VLOOKUP(K13,datos!$B$2:$C$12,2,0))) -> TCCN-PTE-PCH-CNP-TOL-INS | J13: SISTEMA INSTRUMENTACION TOLVA RECEPCION | K13: =VLOOKUP(LEN(SUBSTITUTE(H13,"-","")),datos!$A$1:$B$12,2,0) -> 6 | M13: P
A14: TCCN | B14: PTE | C14: PCH | D14: CNP | E14: TOL | F14: INS | G14: MNV | H14: =CONCATENATE(A14,"-",B14,"-",C14,"-",D14,"-",E14,"-",F14,"-",G14) -> TCCN-PTE-PCH-CNP-TOL-INS-MNV | I14: =MID(H14,1,(LEN(H14)-VLOOKUP(K14,datos!$B$2:$C$12,2,0))) -> TCCN-PTE-PCH-CNP-TOL-INS-MNV | J14: NIVEL TOLVA 7110-TOL-001 | K14: =VLOOKUP(LEN(SUBSTITUTE(H14,"-","")),datos!$A$1:$B$12,2,0) -> 7 | L14: 07110-LE/LIT-0105 | M14: P
A15: TCCN | B15: PTE | C15: PCH | D15: CNP | E15: SLZ | H15: =CONCATENATE(A15,"-",B15,"-",C15,"-",D15,"-",E15,"-",F15,"-",G15) -> TCCN-PTE-PCH-CNP-SLZ-- | I15: =MID(H15,1,(LEN(H15)-VLOOKUP(K15,datos!$B$2:$C$12,2,0))) -> TCCN-PTE-PCH-CNP-SLZ | J15: SISTEMA LANZAS TOLVA RECEPCION | K15: =VLOOKUP(LEN(SUBSTITUTE(H15,"-","")),datos!$A$1:$B$12,2,0) -> 5 | L15: 07110-SLZ-001 | M15: P
A16: TCCN | B16: PTE | C16: PCH | D16: CNP | E16: SLZ | F16: SHI | H16: =CONCATENATE(A16,"-",B16,"-",C16,"-",D16,"-",E16,"-",F16,"-",G16) -> TCCN-PTE-PCH-CNP-SLZ-SHI- | I16: =MID(H16,1,(LEN(H16)-VLOOKUP(K16,datos!$B$2:$C$12,2,0))) -> TCCN-PTE-PCH-CNP-SLZ-SHI | J16: SISTEMA HIDRAULICO SLZ. 7110-SLZ-001 | K16: =VLOOKUP(LEN(SUBSTITUTE(H16,"-","")),datos!$A$1:$B$12,2,0) -> 6 | L16: 07110-SLZ-001-01 | M16: P
A17: TCCN | B17: PTE | C17: PCH | D17: CNP | E17: SLZ | F17: SHI | G17: CIH | H17: =CONCATENATE(A17,"-",B17,"-",C17,"-",D17,"-",E17,"-",F17,"-",G17) -> TCCN-PTE-PCH-CNP-SLZ-SHI-CIH | I17: =MID(H17,1,(LEN(H17)-VLOOKUP(K17,datos!$B$2:$C$12,2,0))) -> TCCN-PTE-PCH-CNP-SLZ-SHI-CIH | J17: CILINDROS ACTUADORES SLZ. 7110-SLZ-001 | K17: =VLOOKUP(LEN(SUBSTITUTE(H17,"-","")),datos!$A$1:$B$12,2,0) -> 7 | M17: P
A18: TCCN | B18: PTE | C18: PCH | D18: CNP | E18: SLZ | F18: SHI | G18: BBA | H18: =CONCATENATE(A18,"-",B18,"-",C18,"-",D18,"-",E18,"-",F18,"-",G18) -> TCCN-PTE-PCH-CNP-SLZ-SHI-BBA | I18: =MID(H18,1,(LEN(H18)-VLOOKUP(K18,datos!$B$2:$C$12,2,0))) -> TCCN-PTE-PCH-CNP-SLZ-SHI-BBA | J18: BOMBA UHD SLZ. 7110-SLZ-001 | K18: =VLOOKUP(LEN(SUBSTITUTE(H18,"-","")),datos!$A$1:$B$12,2,0) -> 7 | M18: P
A19: TCCN | B19: PTE | C19: PCH | D19: CNP | E19: SLZ | F19: SHI | G19: EST | H19: =CONCATENATE(A19,"-",B19,"-",C19,"-",D19,"-",E19,"-",F19,"-",G19) -> TCCN-PTE-PCH-CNP-SLZ-SHI-EST | I19: =MID(H19,1,(LEN(H19)-VLOOKUP(K19,datos!$B$2:$C$12,2,0))) -> TCCN-PTE-PCH-CNP-SLZ-SHI-EST | J19: ESTANQUE UHD SLZ. 7110-SLZ-001 | K19: =VLOOKUP(LEN(SUBSTITUTE(H19,"-","")),datos!$A$1:$B$12,2,0) -> 7 | M19: P
A20: TCCN | B20: PTE | C20: PCH | D20: CNP | E20: SLZ | F20: SHI | G20: MOE | H20: =CONCATENATE(A20,"-",B20,"-",C20,"-",D20,"-",E20,"-",F20,"-",G20) -> TCCN-PTE-PCH-CNP-SLZ-SHI-MOE | I20: =MID(H20,1,(LEN(H20)-VLOOKUP(K20,datos!$B$2:$C$12,2,0))) -> TCCN-PTE-PCH-CNP-SLZ-SHI-MOE | J20: MOTOR ELEC UHD SLZ. 7110-SLZ-001 | K20: =VLOOKUP(LEN(SUBSTITUTE(H20,"-","")),datos!$A$1:$B$12,2,0) -> 7 | L20: 07110-SLZ-001-01M | M20: P
A21: TCCN | B21: PTE | C21: PCH | D21: CNP | E21: SLZ | F21: SHI | G21: CUH | H21: =CONCATENATE(A21,"-",B21,"-",C21,"-",D21,"-",E21,"-",F21,"-",G21) -> TCCN-PTE-PCH-CNP-SLZ-SHI-CUH | I21: =MID(H21,1,(LEN(H21)-VLOOKUP(K21,datos!$B$2:$C$12,2,0))) -> TCCN-PTE-PCH-CNP-SLZ-SHI-CUH | J21: CALEFACTOR ESTANQUE UHD SLZ 7110-SLZ-001 | K21: =VLOOKUP(LEN(SUBSTITUTE(H21,"-","")),datos!$A$1:$B$12,2,0) -> 7 | L21: 07110-SLZ-001-01-1 | M21: P
A22: TCCN | B22: PTE | C22: PCH | D22: CNP | E22: SLZ | F22: SME | H22: =CONCATENATE(A22,"-",B22,"-",C22,"-",D22,"-",E22,"-",F22,"-",G22) -> TCCN-PTE-PCH-CNP-SLZ-SME- | I22: =MID(H22,1,(LEN(H22)-VLOOKUP(K22,datos!$B$2:$C$12,2,0))) -> TCCN-PTE-PCH-CNP-SLZ-SME | J22: SISTEMA MECANICO SLZ. 7110-SLZ-001 | K22: =VLOOKUP(LEN(SUBSTITUTE(H22,"-","")),datos!$A$1:$B$12,2,0) -> 6 | M22: P
A23: TCCN | B23: PTE | C23: PCH | D23: CNP | E23: SLZ | F23: SME | G23: LAN | H23: =CONCATENATE(A23,"-",B23,"-",C23,"-",D23,"-",E23,"-",F23,"-",G23) -> TCCN-PTE-PCH-CNP-SLZ-SME-LAN | I23: =MID(H23,1,(LEN(H23)-VLOOKUP(K23,datos!$B$2:$C$12,2,0))) -> TCCN-PTE-PCH-CNP-SLZ-SME-LAN | J23: SET DE LANZAS SLZ. 7110-SLZ-001 | K23: =VLOOKUP(LEN(SUBSTITUTE(H23,"-","")),datos!$A$1:$B$12,2,0) -> 7 | M23: P
A24: TCCN | B24: PTE | C24: PCH | D24: CNP | E24: SLZ | F24: SME | G24: CRL | H24: =CONCATENATE(A24,"-",B24,"-",C24,"-",D24,"-",E24,"-",F24,"-",G24) -> TCCN-PTE-PCH-CNP-SLZ-SME-CRL | I24: =MID(H24,1,(LEN(H24)-VLOOKUP(K24,datos!$B$2:$C$12,2,0))) -> TCCN-PTE-PCH-CNP-SLZ-SME-CRL | J24: CARRO LANZAS SLZ 7110-SLZ-001 | K24: =VLOOKUP(LEN(SUBSTITUTE(H24,"-","")),datos!$A$1:$B$12,2,0) -> 7 | M24: P
A25: TCCN | B25: PTE | C25: PCH | D25: CNP | E25: SLZ | F25: SES | H25: =CONCATENATE(A25,"-",B25,"-",C25,"-",D25,"-",E25,"-",F25,"-",G25) -> TCCN-PTE-PCH-CNP-SLZ-SES- | I25: =MID(H25,1,(LEN(H25)-VLOOKUP(K25,datos!$B$2:$C$12,2,0))) -> TCCN-PTE-PCH-CNP-SLZ-SES | J25: SISTEMA ESTRUCTURAL SLZ. 7110-SLZ-001 | K25: =VLOOKUP(LEN(SUBSTITUTE(H25,"-","")),datos!$A$1:$B$12,2,0) -> 6 | M25: P
A26: TCCN | B26: PTE | C26: PCH | D26: CNP | E26: SLZ | F26: SES | G26: CHU | H26: =CONCATENATE(A26,"-",B26,"-",C26,"-",D26,"-",E26,"-",F26,"-",G26) -> TCCN-PTE-PCH-CNP-SLZ-SES-CHU | I26: =MID(H26,1,(LEN(H26)-VLOOKUP(K26,datos!$B$2:$C$12,2,0))) -> TCCN-PTE-PCH-CNP-SLZ-SES-CHU | J26: CHUTE SLZ. 7110-SLZ-001 | K26: =VLOOKUP(LEN(SUBSTITUTE(H26,"-","")),datos!$A$1:$B$12,2,0) -> 7 | L26: 07110-SLZ-001-02 | M26: P
A27: TCCN | B27: PTE | C27: PCH | D27: CNP | E27: SD1 | H27: =CONCATENATE(A27,"-",B27,"-",C27,"-",D27,"-",E27,"-",F27,"-",G27) -> TCCN-PTE-PCH-CNP-SD1-- | I27: =MID(H27,1,(LEN(H27)-VLOOKUP(K27,datos!$B$2:$C$12,2,0))) -> TCCN-PTE-PCH-CNP-SD1 | J27: SUPRESOR DE POLVO DESCARGA CAMIONES | K27: =VLOOKUP(LEN(SUBSTITUTE(H27,"-","")),datos!$A$1:$B$12,2,0) -> 5 | L27: 07110-SDP-001 | M27: P
A28: TCCN | B28: PTE | C28: PCH | D28: CNP | E28: SD1 | F28: SHN | H28: =CONCATENATE(A28,"-",B28,"-",C28,"-",D28,"-",E28,"-",F28,"-",G28) -> TCCN-PTE-PCH-CNP-SD1-SHN- | I28: =MID(H28,1,(LEN(H28)-VLOOKUP(K28,datos!$B$2:$C$12,2,0))) -> TCCN-PTE-PCH-CNP-SD1-SHN | J28: SISTEMA HIDRONEUMATICO SDP. 7110-SDP-001 | K28: =VLOOKUP(LEN(SUBSTITUTE(H28,"-","")),datos!$A$1:$B$12,2,0) -> 6 | M28: P
A29: TCCN | B29: PTE | C29: PCH | D29: CNP | E29: SD1 | F29: SHN | G29: BVV | H29: =CONCATENATE(A29,"-",B29,"-",C29,"-",D29,"-",E29,"-",F29,"-",G29) -> TCCN-PTE-PCH-CNP-SD1-SHN-BVV | I29: =MID(H29,1,(LEN(H29)-VLOOKUP(K29,datos!$B$2:$C$12,2,0))) -> TCCN-PTE-PCH-CNP-SD1-SHN-BVV | J29: BANCO VVAS. SDP. 7120-SDP-001 | K29: =VLOOKUP(LEN(SUBSTITUTE(H29,"-","")),datos!$A$1:$B$12,2,0) -> 7 | M29: P
A30: TCCN | B30: PTE | C30: PCH | D30: CNP | E30: SD1 | F30: INS | H30: =CONCATENATE(A30,"-",B30,"-",C30,"-",D30,"-",E30,"-",F30,"-",G30) -> TCCN-PTE-PCH-CNP-SD1-INS- | I30: =MID(H30,1,(LEN(H30)-VLOOKUP(K30,datos!$B$2:$C$12,2,0))) -> TCCN-PTE-PCH-CNP-SD1-INS | J30: SISTEMA INSTRUMENTACION SDP 7120-SDP-001 | K30: =VLOOKUP(LEN(SUBSTITUTE(H30,"-","")),datos!$A$1:$B$12,2,0) -> 6 | M30: P
A31: TCCN | B31: PTE | C31: PCH | D31: CNP | E31: SD1 | F31: INS | G31: GMO | H31: =CONCATENATE(A31,"-",B31,"-",C31,"-",D31,"-",E31,"-",F31,"-",G31) -> TCCN-PTE-PCH-CNP-SD1-INS-GMO | I31: =MID(H31,1,(LEN(H31)-VLOOKUP(K31,datos!$B$2:$C$12,2,0))) -> TCCN-PTE-PCH-CNP-SD1-INS-GMO | J31: GABINETE CTRL. Y MONITOREO 7120-SDP-001 | K31: =VLOOKUP(LEN(SUBSTITUTE(H31,"-","")),datos!$A$1:$B$12,2,0) -> 7 | M31: P
A32: TCCN | B32: PTE | C32: PCH | D32: CNP | E32: SD1 | F32: INS | G32: FJM | H32: =CONCATENATE(A32,"-",B32,"-",C32,"-",D32,"-",E32,"-",F32,"-",G32) -> TCCN-PTE-PCH-CNP-SD1-INS-FJM | I32: =MID(H32,1,(LEN(H32)-VLOOKUP(K32,datos!$B$2:$C$12,2,0))) -> TCCN-PTE-PCH-CNP-SD1-INS-FJM | J32: FLUJOMETRO SUPRESOR POLVO 7110-SDP-001 | K32: =VLOOKUP(LEN(SUBSTITUTE(H32,"-","")),datos!$A$1:$B$12,2,0) -> 7 | L32: 07110-FE/FT-2202 | M32: P
A33: TCCN | B33: PTE | C33: PCH | D33: CNP | E33: APC | H33: =CONCATENATE(A33,"-",B33,"-",C33,"-",D33,"-",E33,"-",F33,"-",G33) -> TCCN-PTE-PCH-CNP-APC-- | I33: =MID(H33,1,(LEN(H33)-VLOOKUP(K33,datos!$B$2:$C$12,2,0))) -> TCCN-PTE-PCH-CNP-APC | J33: ALIMENTADOR DE PLACAS TOLVA ESCORIA | K33: =VLOOKUP(LEN(SUBSTITUTE(H33,"-","")),datos!$A$1:$B$12,2,0) -> 5 | L33: 07120-APC-001 | M33: P
A34: TCCN | B34: PTE | C34: PCH | D34: CNP | E34: APC | F34: SME | H34: =CONCATENATE(A34,"-",B34,"-",C34,"-",D34,"-",E34,"-",F34,"-",G34) -> TCCN-PTE-PCH-CNP-APC-SME- | I34: =MID(H34,1,(LEN(H34)-VLOOKUP(K34,datos!$B$2:$C$12,2,0))) -> TCCN-PTE-PCH-CNP-APC-SME | J34: SISTEMA MECANICO APC. 7120-APC-001 | K34: =VLOOKUP(LEN(SUBSTITUTE(H34,"-","")),datos!$A$1:$B$12,2,0) -> 6 | M34: P
A35: TCCN | B35: PTE | C35: PCH | D35: CNP | E35: APC | F35: SME | G35: RUE | H35: =CONCATENATE(A35,"-",B35,"-",C35,"-",D35,"-",E35,"-",F35,"-",G35) -> TCCN-PTE-PCH-CNP-APC-SME-RUE | I35: =MID(H35,1,(LEN(H35)-VLOOKUP(K35,datos!$B$2:$C$12,2,0))) -> TCCN-PTE-PCH-CNP-APC-SME-RUE | J35: RUEDA COLA APC. 7120-APC-001 | K35: =VLOOKUP(LEN(SUBSTITUTE(H35,"-","")),datos!$A$1:$B$12,2,0) -> 7 | M35: P
A36: TCCN | B36: PTE | C36: PCH | D36: CNP | E36: APC | F36: SME | G36: PNN | H36: =CONCATENATE(A36,"-",B36,"-",C36,"-",D36,"-",E36,"-",F36,"-",G36) -> TCCN-PTE-PCH-CNP-APC-SME-PNN | I36: =MID(H36,1,(LEN(H36)-VLOOKUP(K36,datos!$B$2:$C$12,2,0))) -> TCCN-PTE-PCH-CNP-APC-SME-PNN | J36: PIÑON CABEZA APC. 7120-APC-001 | K36: =VLOOKUP(LEN(SUBSTITUTE(H36,"-","")),datos!$A$1:$B$12,2,0) -> 7 | M36: P
A37: TCCN | B37: PTE | C37: PCH | D37: CNP | E37: APC | F37: SME | G37: CZP | H37: =CONCATENATE(A37,"-",B37,"-",C37,"-",D37,"-",E37,"-",F37,"-",G37) -> TCCN-PTE-PCH-CNP-APC-SME-CZP | I37: =MID(H37,1,(LEN(H37)-VLOOKUP(K37,datos!$B$2:$C$12,2,0))) -> TCCN-PTE-PCH-CNP-APC-SME-CZP | J37: CADENA APC. 7120-APC-001 | K37: =VLOOKUP(LEN(SUBSTITUTE(H37,"-","")),datos!$A$1:$B$12,2,0) -> 7 | M37: P
A38: TCCN | B38: PTE | C38: PCH | D38: CNP | E38: APC | F38: SME | G38: PLA | H38: =CONCATENATE(A38,"-",B38,"-",C38,"-",D38,"-",E38,"-",F38,"-",G38) -> TCCN-PTE-PCH-CNP-APC-SME-PLA | I38: =MID(H38,1,(LEN(H38)-VLOOKUP(K38,datos!$B$2:$C$12,2,0))) -> TCCN-PTE-PCH-CNP-APC-SME-PLA | J38: PLACAS APC. 7120-APC-001 | K38: =VLOOKUP(LEN(SUBSTITUTE(H38,"-","")),datos!$A$1:$B$12,2,0) -> 7 | M38: P
A39: TCCN | B39: PTE | C39: PCH | D39: CNP | E39: APC | F39: INS | H39: =CONCATENATE(A39,"-",B39,"-",C39,"-",D39,"-",E39,"-",F39,"-",G39) -> TCCN-PTE-PCH-CNP-APC-INS- | I39: =MID(H39,1,(LEN(H39)-VLOOKUP(K39,datos!$B$2:$C$12,2,0))) -> TCCN-PTE-PCH-CNP-APC-INS | J39: SISTEMA INSTRUMENTACION APC 7120-APC-001 | K39: =VLOOKUP(LEN(SUBSTITUTE(H39,"-","")),datos!$A$1:$B$12,2,0) -> 6 | M39: P
A40: TCCN | B40: PTE | C40: PCH | D40: CNP | E40: APC | F40: INS | G40: PE1 | H40: =CONCATENATE(A40,"-",B40,"-",C40,"-",D40,"-",E40,"-",F40,"-",G40) -> TCCN-PTE-PCH-CNP-APC-INS-PE1 | I40: =MID(H40,1,(LEN(H40)-VLOOKUP(K40,datos!$B$2:$C$12,2,0))) -> TCCN-PTE-PCH-CNP-APC-INS-PE1 | J40: PARADA DE EMERGENCIA APC. 7120-APC-001 | K40: =VLOOKUP(LEN(SUBSTITUTE(H40,"-","")),datos!$A$1:$B$12,2,0) -> 7 | L40: 07120-HSS-0113A@B | M40: P
A41: TCCN | B41: PTE | C41: PCH | D41: CNP | E41: APC | F41: INS | G41: SAM | H41: =CONCATENATE(A41,"-",B41,"-",C41,"-",D41,"-",E41,"-",F41,"-",G41) -> TCCN-PTE-PCH-CNP-APC-INS-SAM | I41: =MID(H41,1,(LEN(H41)-VLOOKUP(K41,datos!$B$2:$C$12,2,0))) -> TCCN-PTE-PCH-CNP-APC-INS-SAM | J41: SENSOR DE ATOLLO APC. 7120-APC-001 | K41: =VLOOKUP(LEN(SUBSTITUTE(H41,"-","")),datos!$A$1:$B$12,2,0) -> 7 | L41: 07120-LE/LX-108 | M41: P
A42: TCCN | B42: PTE | C42: PCH | D42: CNP | E42: APC | F42: INS | G42: MVD | H42: =CONCATENATE(A42,"-",B42,"-",C42,"-",D42,"-",E42,"-",F42,"-",G42) -> TCCN-PTE-PCH-CNP-APC-INS-MVD | I42: =MID(H42,1,(LEN(H42)-VLOOKUP(K42,datos!$B$2:$C$12,2,0))) -> TCCN-PTE-PCH-CNP-APC-INS-MVD | J42: VELOCIDAD CERO APC. 7120-APC-001 | K42: =VLOOKUP(LEN(SUBSTITUTE(H42,"-","")),datos!$A$1:$B$12,2,0) -> 7 | L42: 07120-SE/SSL-0110 | M42: P
A43: TCCN | B43: PTE | C43: PCH | D43: CNP | E43: APC | F43: INS | G43: MT1 | H43: =CONCATENATE(A43,"-",B43,"-",C43,"-",D43,"-",E43,"-",F43,"-",G43) -> TCCN-PTE-PCH-CNP-APC-INS-MT1 | I43: =MID(H43,1,(LEN(H43)-VLOOKUP(K43,datos!$B$2:$C$12,2,0))) -> TCCN-PTE-PCH-CNP-APC-INS-MT1 | J43: TEMPERATURA DESC. L/MOT 7120-APC-001 | K43: =VLOOKUP(LEN(SUBSTITUTE(H43,"-","")),datos!$A$1:$B$12,2,0) -> 7 | L43: 07120-TE/TT-0114A | M43: P
A44: TCCN | B44: PTE | C44: PCH | D44: CNP | E44: APC | F44: INS | G44: MT2 | H44: =CONCATENATE(A44,"-",B44,"-",C44,"-",D44,"-",E44,"-",F44,"-",G44) -> TCCN-PTE-PCH-CNP-APC-INS-MT2 | I44: =MID(H44,1,(LEN(H44)-VLOOKUP(K44,datos!$B$2:$C$12,2,0))) -> TCCN-PTE-PCH-CNP-APC-INS-MT2 | J44: TEMPERATURA DESC. L/LIB 7120-APC-001 | K44: =VLOOKUP(LEN(SUBSTITUTE(H44,"-","")),datos!$A$1:$B$12,2,0) -> 7 | L44: 07120-TE/TT-0114B | M44: P
A45: TCCN | B45: PTE | C45: PCH | D45: CNP | E45: APC | F45: INS | G45: BYB | H45: =CONCATENATE(A45,"-",B45,"-",C45,"-",D45,"-",E45,"-",F45,"-",G45) -> TCCN-PTE-PCH-CNP-APC-INS-BYB | I45: =MID(H45,1,(LEN(H45)-VLOOKUP(K45,datos!$B$2:$C$12,2,0))) -> TCCN-PTE-PCH-CNP-APC-INS-BYB | J45: BOCINA Y BALIZA PARTIDA APC 7120-APC-001 | K45: =VLOOKUP(LEN(SUBSTITUTE(H45,"-","")),datos!$A$1:$B$12,2,0) -> 7 | L45: 07120-YA/YL-0107 | M45: P
A46: TCCN | B46: PTE | C46: PCH | D46: CNP | E46: APC | F46: SLU | H46: =CONCATENATE(A46,"-",B46,"-",C46,"-",D46,"-",E46,"-",F46,"-",G46) -> TCCN-PTE-PCH-CNP-APC-SLU- | I46: =MID(H46,1,(LEN(H46)-VLOOKUP(K46,datos!$B$2:$C$12,2,0))) -> TCCN-PTE-PCH-CNP-APC-SLU | J46: SISTEMA LUBRICACION APC. 7120-APC-001 | K46: =VLOOKUP(LEN(SUBSTITUTE(H46,"-","")),datos!$A$1:$B$12,2,0) -> 6 | L46: 07120-APC-001-03 | M46: P
A47: TCCN | B47: PTE | C47: PCH | D47: CNP | E47: APC | F47: SLU | G47: BBA | H47: =CONCATENATE(A47,"-",B47,"-",C47,"-",D47,"-",E47,"-",F47,"-",G47) -> TCCN-PTE-PCH-CNP-APC-SLU-BBA | I47: =MID(H47,1,(LEN(H47)-VLOOKUP(K47,datos!$B$2:$C$12,2,0))) -> TCCN-PTE-PCH-CNP-APC-SLU-BBA | J47: BOMBA LUBRICACION APC. 7120-APC-001 | K47: =VLOOKUP(LEN(SUBSTITUTE(H47,"-","")),datos!$A$1:$B$12,2,0) -> 7 | M47: P
A48: TCCN | B48: PTE | C48: PCH | D48: CNP | E48: APC | F48: SLU | G48: MOE | H48: =CONCATENATE(A48,"-",B48,"-",C48,"-",D48,"-",E48,"-",F48,"-",G48) -> TCCN-PTE-PCH-CNP-APC-SLU-MOE | I48: =MID(H48,1,(LEN(H48)-VLOOKUP(K48,datos!$B$2:$C$12,2,0))) -> TCCN-PTE-PCH-CNP-APC-SLU-MOE | J48: MOTOR ELEC BBA LUBR APC. 7120-APC-001 | K48: =VLOOKUP(LEN(SUBSTITUTE(H48,"-","")),datos!$A$1:$B$12,2,0) -> 7 | L48: 07120-APC-001-03M | M48: P
A49: TCCN | B49: PTE | C49: PCH | D49: CNP | E49: APC | F49: SLU | G49: MNF | H49: =CONCATENATE(A49,"-",B49,"-",C49,"-",D49,"-",E49,"-",F49,"-",G49) -> TCCN-PTE-PCH-CNP-APC-SLU-MNF | I49: =MID(H49,1,(LEN(H49)-VLOOKUP(K49,datos!$B$2:$C$12,2,0))) -> TCCN-PTE-PCH-CNP-APC-SLU-MNF | J49: DISTRIBUIDOR FLUJO SIST LUB 7120-APC-001 | K49: =VLOOKUP(LEN(SUBSTITUTE(H49,"-","")),datos!$A$1:$B$12,2,0) -> 7 | M49: P
A50: TCCN | B50: PTE | C50: PCH | D50: CNP | E50: APC | F50: SLU | G50: MNV | H50: =CONCATENATE(A50,"-",B50,"-",C50,"-",D50,"-",E50,"-",F50,"-",G50) -> TCCN-PTE-PCH-CNP-APC-SLU-MNV | I50: =MID(H50,1,(LEN(H50)-VLOOKUP(K50,datos!$B$2:$C$12,2,0))) -> TCCN-PTE-PCH-CNP-APC-SLU-MNV | J50: NIVEL SLU APC. 7120-APC-001 | K50: =VLOOKUP(LEN(SUBSTITUTE(H50,"-","")),datos!$A$1:$B$12,2,0) -> 7 | M50: P
A51: TCCN | B51: PTE | C51: PCH | D51: CNP | E51: APC | F51: SLU | G51: SSS | H51: =CONCATENATE(A51,"-",B51,"-",C51,"-",D51,"-",E51,"-",F51,"-",G51) -> TCCN-PTE-PCH-CNP-APC-SLU-SSS | I51: =MID(H51,1,(LEN(H51)-VLOOKUP(K51,datos!$B$2:$C$12,2,0))) -> TCCN-PTE-PCH-CNP-APC-SLU-SSS | J51: SENSOR DE CICLO SLU APC. 7120-APC-001 | K51: =VLOOKUP(LEN(SUBSTITUTE(H51,"-","")),datos!$A$1:$B$12,2,0) -> 7 | M51: P
A52: TCCN | B52: PTE | C52: PCH | D52: CNP | E52: APC | F52: SHI | H52: =CONCATENATE(A52,"-",B52,"-",C52,"-",D52,"-",E52,"-",F52,"-",G52) -> TCCN-PTE-PCH-CNP-APC-SHI- | I52: =MID(H52,1,(LEN(H52)-VLOOKUP(K52,datos!$B$2:$C$12,2,0))) -> TCCN-PTE-PCH-CNP-APC-SHI | J52: SISTEMA HIDRAULICO APC. 7120-APC-001 | K52: =VLOOKUP(LEN(SUBSTITUTE(H52,"-","")),datos!$A$1:$B$12,2,0) -> 6 | L52: 07120-APC-001-01 | M52: P
A53: TCCN | B53: PTE | C53: PCH | D53: CNP | E53: APC | F53: SHI | G53: MHD | H53: =CONCATENATE(A53,"-",B53,"-",C53,"-",D53,"-",E53,"-",F53,"-",G53) -> TCCN-PTE-PCH-CNP-APC-SHI-MHD | I53: =MID(H53,1,(LEN(H53)-VLOOKUP(K53,datos!$B$2:$C$12,2,0))) -> TCCN-PTE-PCH-CNP-APC-SHI-MHD | J53: MOTOR HIDRAULICO APC 7120-APC-001 | K53: =VLOOKUP(LEN(SUBSTITUTE(H53,"-","")),datos!$A$1:$B$12,2,0) -> 7 | M53: P
A54: TCCN | B54: PTE | C54: PCH | D54: CNP | E54: APC | F54: SHI | G54: BBA | H54: =CONCATENATE(A54,"-",B54,"-",C54,"-",D54,"-",E54,"-",F54,"-",G54) -> TCCN-PTE-PCH-CNP-APC-SHI-BBA | I54: =MID(H54,1,(LEN(H54)-VLOOKUP(K54,datos!$B$2:$C$12,2,0))) -> TCCN-PTE-PCH-CNP-APC-SHI-BBA | J54: BOMBA UHD APC. 7120-APC-001 | K54: =VLOOKUP(LEN(SUBSTITUTE(H54,"-","")),datos!$A$1:$B$12,2,0) -> 7 | M54: P
A55: TCCN | B55: PTE | C55: PCH | D55: CNP | E55: APC | F55: SHI | G55: ACU | H55: =CONCATENATE(A55,"-",B55,"-",C55,"-",D55,"-",E55,"-",F55,"-",G55) -> TCCN-PTE-PCH-CNP-APC-SHI-ACU | I55: =MID(H55,1,(LEN(H55)-VLOOKUP(K55,datos!$B$2:$C$12,2,0))) -> TCCN-PTE-PCH-CNP-APC-SHI-ACU | J55: ACUMULADOR PRESION UHD APC. 7120-APC-001 | K55: =VLOOKUP(LEN(SUBSTITUTE(H55,"-","")),datos!$A$1:$B$12,2,0) -> 7 | M55: P
A56: TCCN | B56: PTE | C56: PCH | D56: CNP | E56: APC | F56: SHI | G56: EST | H56: =CONCATENATE(A56,"-",B56,"-",C56,"-",D56,"-",E56,"-",F56,"-",G56) -> TCCN-PTE-PCH-CNP-APC-SHI-EST | I56: =MID(H56,1,(LEN(H56)-VLOOKUP(K56,datos!$B$2:$C$12,2,0))) -> TCCN-PTE-PCH-CNP-APC-SHI-EST | J56: ESTANQUE UHD APC. 7120-APC-001 | K56: =VLOOKUP(LEN(SUBSTITUTE(H56,"-","")),datos!$A$1:$B$12,2,0) -> 7 | M56: P
A57: TCCN | B57: PTE | C57: PCH | D57: CNP | E57: APC | F57: SHI | G57: MO1 | H57: =CONCATENATE(A57,"-",B57,"-",C57,"-",D57,"-",E57,"-",F57,"-",G57) -> TCCN-PTE-PCH-CNP-APC-SHI-MO1 | I57: =MID(H57,1,(LEN(H57)-VLOOKUP(K57,datos!$B$2:$C$12,2,0))) -> TCCN-PTE-PCH-CNP-APC-SHI-MO1 | J57: MOTOR ELEC UHD APC. 7120-APC-001 | K57: =VLOOKUP(LEN(SUBSTITUTE(H57,"-","")),datos!$A$1:$B$12,2,0) -> 7 | L57: 07120-APC-001-01M | M57: P
A58: TCCN | B58: PTE | C58: PCH | D58: CNP | E58: APC | F58: SHI | G58: MO2 | H58: =CONCATENATE(A58,"-",B58,"-",C58,"-",D58,"-",E58,"-",F58,"-",G58) -> TCCN-PTE-PCH-CNP-APC-SHI-MO2 | I58: =MID(H58,1,(LEN(H58)-VLOOKUP(K58,datos!$B$2:$C$12,2,0))) -> TCCN-PTE-PCH-CNP-APC-SHI-MO2 | J58: MOTOR ELEC ENFRIADOR UHD 7120-APC-001 | K58: =VLOOKUP(LEN(SUBSTITUTE(H58,"-","")),datos!$A$1:$B$12,2,0) -> 7 | L58: 07120-APC-001-01-1M | M58: P
A59: TCCN | B59: PTE | C59: PCH | D59: CNP | E59: APC | F59: SHI | G59: MO3 | H59: =CONCATENATE(A59,"-",B59,"-",C59,"-",D59,"-",E59,"-",F59,"-",G59) -> TCCN-PTE-PCH-CNP-APC-SHI-MO3 | I59: =MID(H59,1,(LEN(H59)-VLOOKUP(K59,datos!$B$2:$C$12,2,0))) -> TCCN-PTE-PCH-CNP-APC-SHI-MO3 | J59: MOTOR ELEC FLUSHING UHD APC TOLVA ESCORI | K59: =VLOOKUP(LEN(SUBSTITUTE(H59,"-","")),datos!$A$1:$B$12,2,0) -> 7 | L59: 07120-APC-001-01-2M | M59: P
A60: TCCN | B60: PTE | C60: PCH | D60: CNP | E60: APC | F60: SHI | G60: EMA | H60: =CONCATENATE(A60,"-",B60,"-",C60,"-",D60,"-",E60,"-",F60,"-",G60) -> TCCN-PTE-PCH-CNP-APC-SHI-EMA | I60: =MID(H60,1,(LEN(H60)-VLOOKUP(K60,datos!$B$2:$C$12,2,0))) -> TCCN-PTE-PCH-CNP-APC-SHI-EMA | J60: FLUSHING UHD APC. 7120-APC-001 | K60: =VLOOKUP(LEN(SUBSTITUTE(H60,"-","")),datos!$A$1:$B$12,2,0) -> 7 | L60: 07120-APC-001-01-2 | M60: P
A61: TCCN | B61: PTE | C61: PCH | D61: CNP | E61: APC | F61: SHI | G61: CUH | H61: =CONCATENATE(A61,"-",B61,"-",C61,"-",D61,"-",E61,"-",F61,"-",G61) -> TCCN-PTE-PCH-CNP-APC-SHI-CUH | I61: =MID(H61,1,(LEN(H61)-VLOOKUP(K61,datos!$B$2:$C$12,2,0))) -> TCCN-PTE-PCH-CNP-APC-SHI-CUH | J61: CALEFACTOR UHD APC. 7120-APC-001 | K61: =VLOOKUP(LEN(SUBSTITUTE(H61,"-","")),datos!$A$1:$B$12,2,0) -> 7 | L61: 07120-APC-001-01-3 | M61: P
A62: TCCN | B62: PTE | C62: PCH | D62: CNP | E62: APC | F62: SHI | G62: ENF | H62: =CONCATENATE(A62,"-",B62,"-",C62,"-",D62,"-",E62,"-",F62,"-",G62) -> TCCN-PTE-PCH-CNP-APC-SHI-ENF | I62: =MID(H62,1,(LEN(H62)-VLOOKUP(K62,datos!$B$2:$C$12,2,0))) -> TCCN-PTE-PCH-CNP-APC-SHI-ENF | J62: ENFRIADOR UHD APC. 7120-APC-001 | K62: =VLOOKUP(LEN(SUBSTITUTE(H62,"-","")),datos!$A$1:$B$12,2,0) -> 7 | L62: 07120-APC-001-01-1 | M62: P
A63: TCCN | B63: PTE | C63: PCH | D63: CNP | E63: APC | F63: SHI | G63: MTP | H63: =CONCATENATE(A63,"-",B63,"-",C63,"-",D63,"-",E63,"-",F63,"-",G63) -> TCCN-PTE-PCH-CNP-APC-SHI-MTP | I63: =MID(H63,1,(LEN(H63)-VLOOKUP(K63,datos!$B$2:$C$12,2,0))) -> TCCN-PTE-PCH-CNP-APC-SHI-MTP | J63: TEMPERATURA UHD APC. 7120-APC-001 | K63: =VLOOKUP(LEN(SUBSTITUTE(H63,"-","")),datos!$A$1:$B$12,2,0) -> 7 | L63: 07120-TE-1031A | M63: P
A64: TCCN | B64: PTE | C64: PCH | D64: CNP | E64: APC | F64: SHI | G64: MNV | H64: =CONCATENATE(A64,"-",B64,"-",C64,"-",D64,"-",E64,"-",F64,"-",G64) -> TCCN-PTE-PCH-CNP-APC-SHI-MNV | I64: =MID(H64,1,(LEN(H64)-VLOOKUP(K64,datos!$B$2:$C$12,2,0))) -> TCCN-PTE-PCH-CNP-APC-SHI-MNV | J64: NIVEL UHD APC 7120-APC-001 | K64: =VLOOKUP(LEN(SUBSTITUTE(H64,"-","")),datos!$A$1:$B$12,2,0) -> 7 | L64: 07120-LIT-1031 | M64: P
A65: TCCN | B65: PTE | C65: PCH | D65: CNP | E65: APC | F65: SES | H65: =CONCATENATE(A65,"-",B65,"-",C65,"-",D65,"-",E65,"-",F65,"-",G65) -> TCCN-PTE-PCH-CNP-APC-SES- | I65: =MID(H65,1,(LEN(H65)-VLOOKUP(K65,datos!$B$2:$C$12,2,0))) -> TCCN-PTE-PCH-CNP-APC-SES | J65: SISTEMA ESTRUCTURAL APC 7120-APC-001 | K65: =VLOOKUP(LEN(SUBSTITUTE(H65,"-","")),datos!$A$1:$B$12,2,0) -> 6 | M65: P
A66: TCCN | B66: PTE | C66: PCH | D66: CNP | E66: APC | F66: SES | G66: CH1 | H66: =CONCATENATE(A66,"-",B66,"-",C66,"-",D66,"-",E66,"-",F66,"-",G66) -> TCCN-PTE-PCH-CNP-APC-SES-CH1 | I66: =MID(H66,1,(LEN(H66)-VLOOKUP(K66,datos!$B$2:$C$12,2,0))) -> TCCN-PTE-PCH-CNP-APC-SES-CH1 | J66: CHUTE ALIMENTACION APC. 7120-APC-001 | K66: =VLOOKUP(LEN(SUBSTITUTE(H66,"-","")),datos!$A$1:$B$12,2,0) -> 7 | L66: 07120-APC-001-02 | M66: P
A67: TCCN | B67: PTE | C67: PCH | D67: CNP | E67: APC | F67: SES | G67: CH2 | H67: =CONCATENATE(A67,"-",B67,"-",C67,"-",D67,"-",E67,"-",F67,"-",G67) -> TCCN-PTE-PCH-CNP-APC-SES-CH2 | I67: =MID(H67,1,(LEN(H67)-VLOOKUP(K67,datos!$B$2:$C$12,2,0))) -> TCCN-PTE-PCH-CNP-APC-SES-CH2 | J67: CHUTE RECOLECTOR FINOS APC. 7120-APC-001 | K67: =VLOOKUP(LEN(SUBSTITUTE(H67,"-","")),datos!$A$1:$B$12,2,0) -> 7 | L67: 07120-CHU-002 | M67: P
A68: TCCN | B68: PTE | C68: PCH | D68: CNP | E68: CHM | H68: =CONCATENATE(A68,"-",B68,"-",C68,"-",D68,"-",E68,"-",F68,"-",G68) -> TCCN-PTE-PCH-CNP-CHM-- | I68: =MID(H68,1,(LEN(H68)-VLOOKUP(K68,datos!$B$2:$C$12,2,0))) -> TCCN-PTE-PCH-CNP-CHM | J68: CHANCADOR DE MANDIBULA | K68: =VLOOKUP(LEN(SUBSTITUTE(H68,"-","")),datos!$A$1:$B$12,2,0) -> 5 | L68: 07120-CHM-001 | M68: P
A69: TCCN | B69: PTE | C69: PCH | D69: CNP | E69: CHM | F69: SES | H69: =CONCATENATE(A69,"-",B69,"-",C69,"-",D69,"-",E69,"-",F69,"-",G69) -> TCCN-PTE-PCH-CNP-CHM-SES- | I69: =MID(H69,1,(LEN(H69)-VLOOKUP(K69,datos!$B$2:$C$12,2,0))) -> TCCN-PTE-PCH-CNP-CHM-SES | J69: SISTEMA ESTRUCTURAL CHANC. 7120-CHM-001 | K69: =VLOOKUP(LEN(SUBSTITUTE(H69,"-","")),datos!$A$1:$B$12,2,0) -> 6 | M69: P
A70: TCCN | B70: PTE | C70: PCH | D70: CNP | E70: CHM | F70: SES | G70: MDB | H70: =CONCATENATE(A70,"-",B70,"-",C70,"-",D70,"-",E70,"-",F70,"-",G70) -> TCCN-PTE-PCH-CNP-CHM-SES-MDB | I70: =MID(H70,1,(LEN(H70)-VLOOKUP(K70,datos!$B$2:$C$12,2,0))) -> TCCN-PTE-PCH-CNP-CHM-SES-MDB | J70: MANDIBULAS CHANCADOR 7120-CHM-001 | K70: =VLOOKUP(LEN(SUBSTITUTE(H70,"-","")),datos!$A$1:$B$12,2,0) -> 7 | M70: P
A71: TCCN | B71: PTE | C71: PCH | D71: CNP | E71: CHM | F71: SES | G71: ART | H71: =CONCATENATE(A71,"-",B71,"-",C71,"-",D71,"-",E71,"-",F71,"-",G71) -> TCCN-PTE-PCH-CNP-CHM-SES-ART | I71: =MID(H71,1,(LEN(H71)-VLOOKUP(K71,datos!$B$2:$C$12,2,0))) -> TCCN-PTE-PCH-CNP-CHM-SES-ART | J71: ARTICULACION CHANCADOR 7120-CHM-001 | K71: =VLOOKUP(LEN(SUBSTITUTE(H71,"-","")),datos!$A$1:$B$12,2,0) -> 7 | M71: P
A72: TCCN | B72: PTE | C72: PCH | D72: CNP | E72: CHM | F72: SES | G72: CH1 | H72: =CONCATENATE(A72,"-",B72,"-",C72,"-",D72,"-",E72,"-",F72,"-",G72) -> TCCN-PTE-PCH-CNP-CHM-SES-CH1 | I72: =MID(H72,1,(LEN(H72)-VLOOKUP(K72,datos!$B$2:$C$12,2,0))) -> TCCN-PTE-PCH-CNP-CHM-SES-CH1 | J72: CHUTE ALIMENTACION CHANCADO 7120-CHM-001 | K72: =VLOOKUP(LEN(SUBSTITUTE(H72,"-","")),datos!$A$1:$B$12,2,0) -> 7 | L72: 07120-CHU-001 | M72: P
A73: TCCN | B73: PTE | C73: PCH | D73: CNP | E73: CHM | F73: SES | G73: CH2 | H73: =CONCATENATE(A73,"-",B73,"-",C73,"-",D73,"-",E73,"-",F73,"-",G73) -> TCCN-PTE-PCH-CNP-CHM-SES-CH2 | I73: =MID(H73,1,(LEN(H73)-VLOOKUP(K73,datos!$B$2:$C$12,2,0))) -> TCCN-PTE-PCH-CNP-CHM-SES-CH2 | J73: CHUTE DE DESCARGA CHANCADOR 7120-CHM-001 | K73: =VLOOKUP(LEN(SUBSTITUTE(H73,"-","")),datos!$A$1:$B$12,2,0) -> 7 | L73: 07120-CHU-003 | M73: P
A74: TCCN | B74: PTE | C74: PCH | D74: CNP | E74: CHM | F74: SMO | H74: =CONCATENATE(A74,"-",B74,"-",C74,"-",D74,"-",E74,"-",F74,"-",G74) -> TCCN-PTE-PCH-CNP-CHM-SMO- | I74: =MID(H74,1,(LEN(H74)-VLOOKUP(K74,datos!$B$2:$C$12,2,0))) -> TCCN-PTE-PCH-CNP-CHM-SMO | J74: SISTEMA MOTRIZ CHANCADOR 7120-CHM-001 | K74: =VLOOKUP(LEN(SUBSTITUTE(H74,"-","")),datos!$A$1:$B$12,2,0) -> 6 | M74: P
A75: TCCN | B75: PTE | C75: PCH | D75: CNP | E75: CHM | F75: SMO | G75: MOE | H75: =CONCATENATE(A75,"-",B75,"-",C75,"-",D75,"-",E75,"-",F75,"-",G75) -> TCCN-PTE-PCH-CNP-CHM-SMO-MOE | I75: =MID(H75,1,(LEN(H75)-VLOOKUP(K75,datos!$B$2:$C$12,2,0))) -> TCCN-PTE-PCH-CNP-CHM-SMO-MOE | J75: MOTOR ELEC CHANCADOR 7120-CHM-001 | K75: =VLOOKUP(LEN(SUBSTITUTE(H75,"-","")),datos!$A$1:$B$12,2,0) -> 7 | L75: 07120-CHM-001M | M75: P
A76: TCCN | B76: PTE | C76: PCH | D76: CNP | E76: CHM | F76: SMO | G76: TRN | H76: =CONCATENATE(A76,"-",B76,"-",C76,"-",D76,"-",E76,"-",F76,"-",G76) -> TCCN-PTE-PCH-CNP-CHM-SMO-TRN | I76: =MID(H76,1,(LEN(H76)-VLOOKUP(K76,datos!$B$2:$C$12,2,0))) -> TCCN-PTE-PCH-CNP-CHM-SMO-TRN | J76: TRANSMISION CHANCADOR 7120-CHM-001 | K76: =VLOOKUP(LEN(SUBSTITUTE(H76,"-","")),datos!$A$1:$B$12,2,0) -> 7 | M76: P
A77: TCCN | B77: PTE | C77: PCH | D77: CNP | E77: CHM | F77: SMO | G77: DES | H77: =CONCATENATE(A77,"-",B77,"-",C77,"-",D77,"-",E77,"-",F77,"-",G77) -> TCCN-PTE-PCH-CNP-CHM-SMO-DES | I77: =MID(H77,1,(LEN(H77)-VLOOKUP(K77,datos!$B$2:$C$12,2,0))) -> TCCN-PTE-PCH-CNP-CHM-SMO-DES | J77: DESCANSOS CHANCADOR 7120-CHM-001 | K77: =VLOOKUP(LEN(SUBSTITUTE(H77,"-","")),datos!$A$1:$B$12,2,0) -> 7 | M77: P
A78: TCCN | B78: PTE | C78: PCH | D78: CNP | E78: CHM | F78: INS | H78: =CONCATENATE(A78,"-",B78,"-",C78,"-",D78,"-",E78,"-",F78,"-",G78) -> TCCN-PTE-PCH-CNP-CHM-INS- | I78: =MID(H78,1,(LEN(H78)-VLOOKUP(K78,datos!$B$2:$C$12,2,0))) -> TCCN-PTE-PCH-CNP-CHM-INS | J78: SISTEMA INSTRUMENTACION 7120-CHM-001 | K78: =VLOOKUP(LEN(SUBSTITUTE(H78,"-","")),datos!$A$1:$B$12,2,0) -> 6 | M78: P
A79: TCCN | B79: PTE | C79: PCH | D79: CNP | E79: CHM | F79: INS | G79: MN1 | H79: =CONCATENATE(A79,"-",B79,"-",C79,"-",D79,"-",E79,"-",F79,"-",G79) -> TCCN-PTE-PCH-CNP-CHM-INS-MN1 | I79: =MID(H79,1,(LEN(H79)-VLOOKUP(K79,datos!$B$2:$C$12,2,0))) -> TCCN-PTE-PCH-CNP-CHM-INS-MN1 | J79: NIVEL ALTO ALTO 07120-CHU-003 | K79: =VLOOKUP(LEN(SUBSTITUTE(H79,"-","")),datos!$A$1:$B$12,2,0) -> 7 | L79: 07120-LE/LSHH-0122 | M79: P
A80: TCCN | B80: PTE | C80: PCH | D80: CNP | E80: CHM | F80: INS | G80: SA1 | H80: =CONCATENATE(A80,"-",B80,"-",C80,"-",D80,"-",E80,"-",F80,"-",G80) -> TCCN-PTE-PCH-CNP-CHM-INS-SA1 | I80: =MID(H80,1,(LEN(H80)-VLOOKUP(K80,datos!$B$2:$C$12,2,0))) -> TCCN-PTE-PCH-CNP-CHM-INS-SA1 | J80: SENSOR DE ATOLLO 07120-CHU-003 | K80: =VLOOKUP(LEN(SUBSTITUTE(H80,"-","")),datos!$A$1:$B$12,2,0) -> 7 | L80: 07120-LE/LX-0123 | M80: P
A81: TCCN | B81: PTE | C81: PCH | D81: CNP | E81: CHM | F81: INS | G81: MVD | H81: =CONCATENATE(A81,"-",B81,"-",C81,"-",D81,"-",E81,"-",F81,"-",G81) -> TCCN-PTE-PCH-CNP-CHM-INS-MVD | I81: =MID(H81,1,(LEN(H81)-VLOOKUP(K81,datos!$B$2:$C$12,2,0))) -> TCCN-PTE-PCH-CNP-CHM-INS-MVD | J81: VELOCIDAD CERO 7120-CHM-001 | K81: =VLOOKUP(LEN(SUBSTITUTE(H81,"-","")),datos!$A$1:$B$12,2,0) -> 7 | L81: 07120-SE/SSL-1001 | M81: P
A82: TCCN | B82: PTE | C82: PCH | D82: CNP | E82: CHM | F82: INS | G82: IN3 | H82: =CONCATENATE(A82,"-",B82,"-",C82,"-",D82,"-",E82,"-",F82,"-",G82) -> TCCN-PTE-PCH-CNP-CHM-INS-IN3 | I82: =MID(H82,1,(LEN(H82)-VLOOKUP(K82,datos!$B$2:$C$12,2,0))) -> TCCN-PTE-PCH-CNP-CHM-INS-IN3 | J82: INTERRUPTOR DE APERTURA 7120-CHM-001 | K82: =VLOOKUP(LEN(SUBSTITUTE(H82,"-","")),datos!$A$1:$B$12,2,0) -> 7 | L82: 07120-ZS-1002 | M82: P
A83: TCCN | B83: PTE | C83: PCH | D83: CNP | E83: CHM | F83: INS | G83: MT1 | H83: =CONCATENATE(A83,"-",B83,"-",C83,"-",D83,"-",E83,"-",F83,"-",G83) -> TCCN-PTE-PCH-CNP-CHM-INS-MT1 | I83: =MID(H83,1,(LEN(H83)-VLOOKUP(K83,datos!$B$2:$C$12,2,0))) -> TCCN-PTE-PCH-CNP-CHM-INS-MT1 | J83: TEMPERATURA DESCANSOS 07120-CHM-001 | K83: =VLOOKUP(LEN(SUBSTITUTE(H83,"-","")),datos!$A$1:$B$12,2,0) -> 7 | L83: 07120-TE-1004/1006/A@B | M83: P
A84: TCCN | B84: PTE | C84: PCH | D84: CNP | E84: CHM | F84: INS | G84: MT2 | H84: =CONCATENATE(A84,"-",B84,"-",C84,"-",D84,"-",E84,"-",F84,"-",G84) -> TCCN-PTE-PCH-CNP-CHM-INS-MT2 | I84: =MID(H84,1,(LEN(H84)-VLOOKUP(K84,datos!$B$2:$C$12,2,0))) -> TCCN-PTE-PCH-CNP-CHM-INS-MT2 | J84: TEMPERATURA MOTOR 07120-CHM-001 | K84: =VLOOKUP(LEN(SUBSTITUTE(H84,"-","")),datos!$A$1:$B$12,2,0) -> 7 | L84: 07120-TE-1007/A@C | M84: P
A85: TCCN | B85: PTE | C85: PCH | D85: CNP | E85: CHM | F85: INS | G85: SA2 | H85: =CONCATENATE(A85,"-",B85,"-",C85,"-",D85,"-",E85,"-",F85,"-",G85) -> TCCN-PTE-PCH-CNP-CHM-INS-SA2 | I85: =MID(H85,1,(LEN(H85)-VLOOKUP(K85,datos!$B$2:$C$12,2,0))) -> TCCN-PTE-PCH-CNP-CHM-INS-SA2 | J85: SENSOR DE ATOLLO DESCARGA 07120-CHU-001 | K85: =VLOOKUP(LEN(SUBSTITUTE(H85,"-","")),datos!$A$1:$B$12,2,0) -> 7 | L85: 07120-LE/LX-0116 | M85: P
A86: TCCN | B86: PTE | C86: PCH | D86: CNP | E86: CHM | F86: INS | G86: MN2 | H86: =CONCATENATE(A86,"-",B86,"-",C86,"-",D86,"-",E86,"-",F86,"-",G86) -> TCCN-PTE-PCH-CNP-CHM-INS-MN2 | I86: =MID(H86,1,(LEN(H86)-VLOOKUP(K86,datos!$B$2:$C$12,2,0))) -> TCCN-PTE-PCH-CNP-CHM-INS-MN2 | J86: NIVEL ALTO ALTO 07120-CHU-001 | K86: =VLOOKUP(LEN(SUBSTITUTE(H86,"-","")),datos!$A$1:$B$12,2,0) -> 7 | L86: 07120-LE/LSHH-0115 | M86: P
A87: TCCN | B87: PTE | C87: PCH | D87: CNP | E87: CHM | F87: SHI | H87: =CONCATENATE(A87,"-",B87,"-",C87,"-",D87,"-",E87,"-",F87,"-",G87) -> TCCN-PTE-PCH-CNP-CHM-SHI- | I87: =MID(H87,1,(LEN(H87)-VLOOKUP(K87,datos!$B$2:$C$12,2,0))) -> TCCN-PTE-PCH-CNP-CHM-SHI | J87: SISTEMA HIDRAULICO 7120-CHM-001 | K87: =VLOOKUP(LEN(SUBSTITUTE(H87,"-","")),datos!$A$1:$B$12,2,0) -> 6 | L87: 07120-CHM-001-01 | M87: P
A88: TCCN | B88: PTE | C88: PCH | D88: CNP | E88: CHM | F88: SHI | G88: BBA | H88: =CONCATENATE(A88,"-",B88,"-",C88,"-",D88,"-",E88,"-",F88,"-",G88) -> TCCN-PTE-PCH-CNP-CHM-SHI-BBA | I88: =MID(H88,1,(LEN(H88)-VLOOKUP(K88,datos!$B$2:$C$12,2,0))) -> TCCN-PTE-PCH-CNP-CHM-SHI-BBA | J88: BOMBA UHD CHANCADOR 7120-CHM-001 | K88: =VLOOKUP(LEN(SUBSTITUTE(H88,"-","")),datos!$A$1:$B$12,2,0) -> 7 | M88: P
A89: TCCN | B89: PTE | C89: PCH | D89: CNP | E89: CHM | F89: SHI | G89: ACU | H89: =CONCATENATE(A89,"-",B89,"-",C89,"-",D89,"-",E89,"-",F89,"-",G89) -> TCCN-PTE-PCH-CNP-CHM-SHI-ACU | I89: =MID(H89,1,(LEN(H89)-VLOOKUP(K89,datos!$B$2:$C$12,2,0))) -> TCCN-PTE-PCH-CNP-CHM-SHI-ACU | J89: ACUMULADOR PRESION UHD CHM 7120-CHM-001 | K89: =VLOOKUP(LEN(SUBSTITUTE(H89,"-","")),datos!$A$1:$B$12,2,0) -> 7 | M89: P
A90: TCCN | B90: PTE | C90: PCH | D90: CNP | E90: CHM | F90: SHI | G90: EST | H90: =CONCATENATE(A90,"-",B90,"-",C90,"-",D90,"-",E90,"-",F90,"-",G90) -> TCCN-PTE-PCH-CNP-CHM-SHI-EST | I90: =MID(H90,1,(LEN(H90)-VLOOKUP(K90,datos!$B$2:$C$12,2,0))) -> TCCN-PTE-PCH-CNP-CHM-SHI-EST | J90: ESTANQUE UHD CHANCADOR 7120-CHM-001 | K90: =VLOOKUP(LEN(SUBSTITUTE(H90,"-","")),datos!$A$1:$B$12,2,0) -> 7 | M90: P
A91: TCCN | B91: PTE | C91: PCH | D91: CNP | E91: CHM | F91: SHI | G91: MOE | H91: =CONCATENATE(A91,"-",B91,"-",C91,"-",D91,"-",E91,"-",F91,"-",G91) -> TCCN-PTE-PCH-CNP-CHM-SHI-MOE | I91: =MID(H91,1,(LEN(H91)-VLOOKUP(K91,datos!$B$2:$C$12,2,0))) -> TCCN-PTE-PCH-CNP-CHM-SHI-MOE | J91: MOTOR ELEC UHD CHANCADOR 7120-CHM-001 | K91: =VLOOKUP(LEN(SUBSTITUTE(H91,"-","")),datos!$A$1:$B$12,2,0) -> 7 | L91: 07120-CHM-001-01M | M91: P
A92: TCCN | B92: PTE | C92: PCH | D92: CNP | E92: CHM | F92: SHI | G92: CUH | H92: =CONCATENATE(A92,"-",B92,"-",C92,"-",D92,"-",E92,"-",F92,"-",G92) -> TCCN-PTE-PCH-CNP-CHM-SHI-CUH | I92: =MID(H92,1,(LEN(H92)-VLOOKUP(K92,datos!$B$2:$C$12,2,0))) -> TCCN-PTE-PCH-CNP-CHM-SHI-CUH | J92: CALEFACTOR UHD CHANCADOR 7120-CHM-001 | K92: =VLOOKUP(LEN(SUBSTITUTE(H92,"-","")),datos!$A$1:$B$12,2,0) -> 7 | M92: P
A93: TCCN | B93: PTE | C93: PCH | D93: CNP | E93: CHM | F93: SHI | G93: INS | H93: =CONCATENATE(A93,"-",B93,"-",C93,"-",D93,"-",E93,"-",F93,"-",G93) -> TCCN-PTE-PCH-CNP-CHM-SHI-INS | I93: =MID(H93,1,(LEN(H93)-VLOOKUP(K93,datos!$B$2:$C$12,2,0))) -> TCCN-PTE-PCH-CNP-CHM-SHI-INS | J93: INSTRUMENTACION UHD 07120-CHM-001-01 | K93: =VLOOKUP(LEN(SUBSTITUTE(H93,"-","")),datos!$A$1:$B$12,2,0) -> 7 | M93: P
A94: TCCN | B94: PTE | C94: PCH | D94: CNP | E94: CHM | F94: SLU | H94: =CONCATENATE(A94,"-",B94,"-",C94,"-",D94,"-",E94,"-",F94,"-",G94) -> TCCN-PTE-PCH-CNP-CHM-SLU- | I94: =MID(H94,1,(LEN(H94)-VLOOKUP(K94,datos!$B$2:$C$12,2,0))) -> TCCN-PTE-PCH-CNP-CHM-SLU | J94: SISTEMA DE LUBRICACION 7120-CHM-001 | K94: =VLOOKUP(LEN(SUBSTITUTE(H94,"-","")),datos!$A$1:$B$12,2,0) -> 6 | L94: 07120-CHM-001-02 | M94: P
A95: TCCN | B95: PTE | C95: PCH | D95: CNP | E95: CHM | F95: SLU | G95: MOE | H95: =CONCATENATE(A95,"-",B95,"-",C95,"-",D95,"-",E95,"-",F95,"-",G95) -> TCCN-PTE-PCH-CNP-CHM-SLU-MOE | I95: =MID(H95,1,(LEN(H95)-VLOOKUP(K95,datos!$B$2:$C$12,2,0))) -> TCCN-PTE-PCH-CNP-CHM-SLU-MOE | J95: MOTOR ELEC UDL. CHANCADOR 7120-CHM-001 | K95: =VLOOKUP(LEN(SUBSTITUTE(H95,"-","")),datos!$A$1:$B$12,2,0) -> 7 | L95: 07120-CHM-001-02M | M95: P
A96: TCCN | B96: PTE | C96: PCH | D96: CNP | E96: CHM | F96: SLU | G96: CDV | H96: =CONCATENATE(A96,"-",B96,"-",C96,"-",D96,"-",E96,"-",F96,"-",G96) -> TCCN-PTE-PCH-CNP-CHM-SLU-CDV | I96: =MID(H96,1,(LEN(H96)-VLOOKUP(K96,datos!$B$2:$C$12,2,0))) -> TCCN-PTE-PCH-CNP-CHM-SLU-CDV | J96: CUADRO DE VVAS. CHANCADOR 7120-CHM-001 | K96: =VLOOKUP(LEN(SUBSTITUTE(H96,"-","")),datos!$A$1:$B$12,2,0) -> 7 | M96: P
A97: TCCN | B97: PTE | C97: PCH | D97: CNP | E97: CHM | F97: SLU | G97: INS | H97: =CONCATENATE(A97,"-",B97,"-",C97,"-",D97,"-",E97,"-",F97,"-",G97) -> TCCN-PTE-PCH-CNP-CHM-SLU-INS | I97: =MID(H97,1,(LEN(H97)-VLOOKUP(K97,datos!$B$2:$C$12,2,0))) -> TCCN-PTE-PCH-CNP-CHM-SLU-INS | J97: INSTRUMENTACION UDL 07120-CHM-001-02 | K97: =VLOOKUP(LEN(SUBSTITUTE(H97,"-","")),datos!$A$1:$B$12,2,0) -> 7 | M97: P
A98: TCCN | B98: PTE | C98: PCH | D98: CNP | E98: CTR | H98: =CONCATENATE(A98,"-",B98,"-",C98,"-",D98,"-",E98,"-",F98,"-",G98) -> TCCN-PTE-PCH-CNP-CTR-- | I98: =MID(H98,1,(LEN(H98)-VLOOKUP(K98,datos!$B$2:$C$12,2,0))) -> TCCN-PTE-PCH-CNP-CTR | J98: CORREA ALIMENTACION DE ACOPIO | K98: =VLOOKUP(LEN(SUBSTITUTE(H98,"-","")),datos!$A$1:$B$12,2,0) -> 5 | L98: 07120-CTR-001 | M98: P
A99: TCCN | B99: PTE | C99: PCH | D99: CNP | E99: CTR | F99: SES | H99: =CONCATENATE(A99,"-",B99,"-",C99,"-",D99,"-",E99,"-",F99,"-",G99) -> TCCN-PTE-PCH-CNP-CTR-SES- | I99: =MID(H99,1,(LEN(H99)-VLOOKUP(K99,datos!$B$2:$C$12,2,0))) -> TCCN-PTE-PCH-CNP-CTR-SES | J99: SISTEMA ESTRUCTURAL CTR. 7120-CTR-001 | K99: =VLOOKUP(LEN(SUBSTITUTE(H99,"-","")),datos!$A$1:$B$12,2,0) -> 6 | M99: P
A100: TCCN | B100: PTE | C100: PCH | D100: CNP | E100: CTR | F100: SES | G100: EST | H100: =CONCATENATE(A100,"-",B100,"-",C100,"-",D100,"-",E100,"-",F100,"-",G100) -> TCCN-PTE-PCH-CNP-CTR-SES-EST | I100: =MID(H100,1,(LEN(H100)-VLOOKUP(K100,datos!$B$2:$C$12,2,0))) -> TCCN-PTE-PCH-CNP-CTR-SES-EST | J100: ESTRUCTURA PPAL. CTR. 7120-CTR-001 | K100: =VLOOKUP(LEN(SUBSTITUTE(H100,"-","")),datos!$A$1:$B$12,2,0) -> 7 | M100: P
A101: TCCN | B101: PTE | C101: PCH | D101: CNP | E101: CTR | F101: SES | G101: CHU | H101: =CONCATENATE(A101,"-",B101,"-",C101,"-",D101,"-",E101,"-",F101,"-",G101) -> TCCN-PTE-PCH-CNP-CTR-SES-CHU | I101: =MID(H101,1,(LEN(H101)-VLOOKUP(K101,datos!$B$2:$C$12,2,0))) -> TCCN-PTE-PCH-CNP-CTR-SES-CHU | J101: CHUTE DESCARGA A ACOPIO 7120-CTR-001 | K101: =VLOOKUP(LEN(SUBSTITUTE(H101,"-","")),datos!$A$1:$B$12,2,0) -> 7 | L101: 07120-CTR-001-05 | M101: P
...

Sheet ECO_EDE
A1: División (1 Nivel) | C1: Planta (2 Nivel) | E1: Proceso (3 Nivel) | G1: Agrupación (4 Nivel) | I1: Equipo Unitario (5 Nivel) | L1: SISTEMA (6 Nivel) | N1: Componente | P1: Equipo Principal
A2: U.T. División | B2: Descripción División | C2: U.T. Planta | D2: Descripción Planta | E2: U.T. Proceso | F2: Descripción Proceso | G2: U.T. Agrupación | H2: Descripción Agrupación | I2: U.T. Equipo | J2: Descripción Equipo | K2: Descripción Técnica | L2: U.T. Sistema | M2: Descripción Sistema | N2: U.T. Componente | O2: Descripción Componente
A3: TCCN | B3: EL TENIENTE GERENCIA DE PLANTAS | C3: TCCN-PTE | D3: PLANTA TRATAMIENTO DE ESCORIA | E3: TCCN-PTE-PCH | F3: 7100 - CHANCADO Y ACOPIO | G3: TCCN-PTE-PCH-CNP | H3: CHANCADO PRIMARIO | I3: TCCN-PTE-PCH-CNP-TOL | J3: TOLVA RECEPCION DE ESCORIA N°1
A4: TCCN | B4: EL TENIENTE GERENCIA DE PLANTAS | C4: TCCN-PTE | D4: PLANTA TRATAMIENTO DE ESCORIA | E4: TCCN-PTE-PCH | F4: 7100 - CHANCADO Y ACOPIO | G4: TCCN-PTE-PCH-CNP | H4: CHANCADO PRIMARIO | I4: TCCN-PTE-PCH-CNP-SLZ | J4: SISTEMA LANZAS TOLVA RECEPCION | L4: TCCN-PTE-PCH-CNP-SLZ-SHI | M4: UNIDAD HIDRAULICA | N4: TCCN-PTE-PCH-CNP-SLZ-SHI-CIH | O4: CILINDROS ACTUADORES LANZAS TOLVA RECEP.
A5: TCCN | B5: EL TENIENTE GERENCIA DE PLANTAS | C5: TCCN-PTE | D5: PLANTA TRATAMIENTO DE ESCORIA | E5: TCCN-PTE-PCH | F5: 7100 - CHANCADO Y ACOPIO | G5: TCCN-PTE-PCH-CNP | H5: CHANCADO PRIMARIO | I5: TCCN-PTE-PCH-CNP-SLZ | J5: SISTEMA LANZAS TOLVA RECEPCION | L5: TCCN-PTE-PCH-CNP-SLZ-SHI | M5: UNIDAD HIDRAULICA | N5: TCCN-PTE-PCH-CNP-SLZ-SHI-BBA | O5: BOMBA HIDR LANZAS TOLVA RECEP.
A6: TCCN | B6: EL TENIENTE GERENCIA DE PLANTAS | C6: TCCN-PTE | D6: PLANTA TRATAMIENTO DE ESCORIA | E6: TCCN-PTE-PCH | F6: 7100 - CHANCADO Y ACOPIO | G6: TCCN-PTE-PCH-CNP | H6: CHANCADO PRIMARIO | I6: TCCN-PTE-PCH-CNP-SLZ | J6: SISTEMA LANZAS TOLVA RECEPCION | L6: TCCN-PTE-PCH-CNP-SLZ-SHI | M6: UNIDAD HIDRAULICA | N6: TCCN-PTE-PCH-CNP-SLZ-SHI-ETQ | O6: ESTANQUE LANZAS TOLVA RECEP.
A7: TCCN | B7: EL TENIENTE GERENCIA DE PLANTAS | C7: TCCN-PTE | D7: PLANTA TRATAMIENTO DE ESCORIA | E7: TCCN-PTE-PCH | F7: 7100 - CHANCADO Y ACOPIO | G7: TCCN-PTE-PCH-CNP | H7: CHANCADO PRIMARIO | I7: TCCN-PTE-PCH-CNP-SLZ | J7: SISTEMA LANZAS TOLVA RECEPCION | L7: TCCN-PTE-PCH-CNP-SLZ-SHI | M7: UNIDAD HIDRAULICA | N7: TCCN-PTE-PCH-CNP-SLZ-SHI-MOE | O7: MOTOR ELEC LANZAS TOLVA RECEP.
A8: TCCN | B8: EL TENIENTE GERENCIA DE PLANTAS | C8: TCCN-PTE | D8: PLANTA TRATAMIENTO DE ESCORIA | E8: TCCN-PTE-PCH | F8: 7100 - CHANCADO Y ACOPIO | G8: TCCN-PTE-PCH-CNP | H8: CHANCADO PRIMARIO | I8: TCCN-PTE-PCH-CNP-SLZ | J8: SISTEMA LANZAS TOLVA RECEPCION | L8: TCCN-PTE-PCH-CNP-SLZ-SHI | M8: UNIDAD HIDRAULICA | N8: TCCN-PTE-PCH-CNP-SLZ-SHI-CUH | O8: CALEFACTOR EN DEPOSITO
A9: TCCN | B9: EL TENIENTE GERENCIA DE PLANTAS | C9: TCCN-PTE | D9: PLANTA TRATAMIENTO DE ESCORIA | E9: TCCN-PTE-PCH | F9: 7100 - CHANCADO Y ACOPIO | G9: TCCN-PTE-PCH-CNP | H9: CHANCADO PRIMARIO | I9: TCCN-PTE-PCH-CNP-SLZ | J9: SISTEMA LANZAS TOLVA RECEPCION | L9: TCCN-PTE-PCH-CNP-SLZ-SME | M9: SISTEMA MECANICO | N9: TCCN-PTE-PCH-CNP-SLZ-SME-LAN | O9: SET DE LANZAS
A10: TCCN | B10: EL TENIENTE GERENCIA DE PLANTAS | C10: TCCN-PTE | D10: PLANTA TRATAMIENTO DE ESCORIA | E10: TCCN-PTE-PCH | F10: 7100 - CHANCADO Y ACOPIO | G10: TCCN-PTE-PCH-CNP | H10: CHANCADO PRIMARIO | I10: TCCN-PTE-PCH-CNP-SLZ | J10: SISTEMA LANZAS TOLVA RECEPCION | L10: TCCN-PTE-PCH-CNP-SLZ-SME | M10: SISTEMA MECANICO | N10: TCCN-PTE-PCH-CNP-SLZ-SME-CRL | O10: CARRO LANZAS
A11: TCCN | B11: EL TENIENTE GERENCIA DE PLANTAS | C11: TCCN-PTE | D11: PLANTA TRATAMIENTO DE ESCORIA | E11: TCCN-PTE-PCH | F11: 7100 - CHANCADO Y ACOPIO | G11: TCCN-PTE-PCH-CNP | H11: CHANCADO PRIMARIO | I11: TCCN-PTE-PCH-CNP-SLZ | J11: SISTEMA LANZAS TOLVA RECEPCION | L11: TCCN-PTE-PCH-CNP-SLZ-SES | M11: SISTEMA ESTRUCTURAL | N11: TCCN-PTE-PCH-CNP-SLZ-SES-CHU | O11: CHUTE SISTEMA DE LANZAS
A12: TCCN | B12: EL TENIENTE GERENCIA DE PLANTAS | C12: TCCN-PTE | D12: PLANTA TRATAMIENTO DE ESCORIA | E12: TCCN-PTE-PCH | F12: 7100 - CHANCADO Y ACOPIO | G12: TCCN-PTE-PCH-CNP | H12: CHANCADO PRIMARIO | I12: TCCN-PTE-PCH-CNP-APC | J12: ALIMENTADOR DE PLACAS TOLVA ESCORIA N°1 | L12: TCCN-PTE-PCH-CNP-APC-SME | M12: SISTEMA MECANICO | N12: TCCN-PTE-PCH-CNP-APC-SME-RUE | O12: RUEDA DE COLA ALIMENTADOR PLACAS TOLVA 1
A13: TCCN | B13: EL TENIENTE GERENCIA DE PLANTAS | C13: TCCN-PTE | D13: PLANTA TRATAMIENTO DE ESCORIA | E13: TCCN-PTE-PCH | F13: 7100 - CHANCADO Y ACOPIO | G13: TCCN-PTE-PCH-CNP | H13: CHANCADO PRIMARIO | I13: TCCN-PTE-PCH-CNP-APC | J13: ALIMENTADOR DE PLACAS TOLVA ESCORIA N°1 | L13: TCCN-PTE-PCH-CNP-APC-SME | M13: SISTEMA MECANICO | N13: TCCN-PTE-PCH-CNP-APC-SME-PNN | O13: PIÑON DE CABEZA ALIMENTAD PLACAS TOLVA 1
A14: TCCN | B14: EL TENIENTE GERENCIA DE PLANTAS | C14: TCCN-PTE | D14: PLANTA TRATAMIENTO DE ESCORIA | E14: TCCN-PTE-PCH | F14: 7100 - CHANCADO Y ACOPIO | G14: TCCN-PTE-PCH-CNP | H14: CHANCADO PRIMARIO | I14: TCCN-PTE-PCH-CNP-APC | J14: ALIMENTADOR DE PLACAS TOLVA ESCORIA N°1 | L14: TCCN-PTE-PCH-CNP-APC-SME | M14: SISTEMA MECANICO | N14: TCCN-PTE-PCH-CNP-APC-SME-CZP | O14: CADENA ALIMENTADOR DE PLACAS TOLVA 1
A15: TCCN | B15: EL TENIENTE GERENCIA DE PLANTAS | C15: TCCN-PTE | D15: PLANTA TRATAMIENTO DE ESCORIA | E15: TCCN-PTE-PCH | F15: 7100 - CHANCADO Y ACOPIO | G15: TCCN-PTE-PCH-CNP | H15: CHANCADO PRIMARIO | I15: TCCN-PTE-PCH-CNP-APC | J15: ALIMENTADOR DE PLACAS TOLVA ESCORIA N°1 | L15: TCCN-PTE-PCH-CNP-APC-SME | M15: SISTEMA MECANICO | N15: TCCN-PTE-PCH-CNP-APC-SME-PLA | O15: PLACAS ALIMENTADOR DE PLACAS TOLVA 1
... A94: TCCN | B94: EL TENIENTE GERENCIA DE PLANTAS | C94: TCCN-PTE | D94: PLANTA TRATAMIENTO DE ESCORIA | E94: TCCN-PTE-PCH | F94: 7100 - CHANCADO Y ACOPIO | G94: TCCN-PTE-PCH-CNP | H94: CHANCADO PRIMARIO | I94: TCCN-PTE-PCH-CNP-SD4 | J94: SUPRESOR POLVO DSCGA CORREA A ACOPIO N°1 | L94: TCCN-PTE-PCH-CNP-SD4-INS | M94: SISTEMA DE INSTRUMENTACION Y CONTROL | N94: TCCN-PTE-PCH-CNP-SD4-INS-GAB | O94: GABINETE CONTROL Y MONITOR SUP POLV DE 1
A95: TCCN | B95: EL TENIENTE GERENCIA DE PLANTAS | C95: TCCN-PTE | D95: PLANTA TRATAMIENTO DE ESCORIA | E95: TCCN-PTE-PCH | F95: 7100 - CHANCADO Y ACOPIO | G95: TCCN-PTE-PCH-CNP | H95: CHANCADO PRIMARIO | I95: TCCN-PTE-PCH-CNP-DLO | J95: DUCHA LAVAOJOS
A96: TCCN | B96: EL TENIENTE GERENCIA DE PLANTAS | C96: TCCN-PTE | D96: PLANTA TRATAMIENTO DE ESCORIA | E96: TCCN-PTE-PCH | F96: 7100 - CHANCADO Y ACOPIO | G96: TCCN-PTE-PCH-CNP | H96: CHANCADO PRIMARIO | I96: TCCN-PTE-PCH-CNP-TC4 | J96: TECLE MANTENCION ALIMENTADOR DE PLACAS | L96: TCCN-PTE-PCH-CNP-TC4-SIZ | M96: TECLE MANTENCION ALIMENTADOR DE PLACAS | N96: TCCN-PTE-PCH-CNP-TC4-SIZ-MOE | O96: MOTOR ELEC IZAJE TECLE MANT ALIME PLACAS
A97: TCCN | B97: EL TENIENTE GERENCIA DE PLANTAS | C97: TCCN-PTE | D97: PLANTA TRATAMIENTO DE ESCORIA | E97: TCCN-PTE-PCH | F97: 7100 - CHANCADO Y ACOPIO | G97: TCCN-PTE-PCH-CNP | H97: CHANCADO PRIMARIO | I97: TCCN-PTE-PCH-CNP-TC4 | J97: TECLE MANTENCION ALIMENTADOR DE PLACAS | L97: TCCN-PTE-PCH-CNP-TC4-SIZ | M97: TECLE MANTENCION ALIMENTADOR DE PLACAS | N97: TCCN-PTE-PCH-CNP-TC4-SIZ-RED | O97: REDUCTOR IZAJE TECLE MANT ALIMENT PLACAS
A98: TCCN | B98: EL TENIENTE GERENCIA DE PLANTAS | C98: TCCN-PTE | D98: PLANTA TRATAMIENTO DE ESCORIA | E98: TCCN-PTE-PCH | F98: 7100 - CHANCADO Y ACOPIO | G98: TCCN-PTE-PCH-CNP | H98: CHANCADO PRIMARIO | I98: TCCN-PTE-PCH-CNP-TC4 | J98: TECLE MANTENCION ALIMENTADOR DE PLACAS | L98: TCCN-PTE-PCH-CNP-TC4-SIZ | M98: TECLE MANTENCION ALIMENTADOR DE PLACAS | N98: TCCN-PTE-PCH-CNP-TC4-SIZ-TBO | O98: TAMBOR CABLE TECLE MANT ALIMENTAC PLACAS
A99: TCCN | B99: EL TENIENTE GERENCIA DE PLANTAS | C99: TCCN-PTE | D99: PLANTA TRATAMIENTO DE ESCORIA | E99: TCCN-PTE-PCH | F99: 7100 - CHANCADO Y ACOPIO | G99: TCCN-PTE-PCH-CNP | H99: CHANCADO PRIMARIO | I99: TCCN-PTE-PCH-CNP-TC4 | J99: TECLE MANTENCION ALIMENTADOR DE PLACAS | L99: TCCN-PTE-PCH-CNP-TC4-SDZ | M99: SISTEMA DESPLAZAMIENTO MONORRIEL | N99: TCCN-PTE-PCH-CNP-TC4-SDZ-MOE | O99: MOTOR ELEC MONORRIEL TECL MANT ALIM PLAC
A100: TCCN | B100: EL TENIENTE GERENCIA DE PLANTAS | C100: TCCN-PTE | D100: PLANTA TRATAMIENTO DE ESCORIA | E100: TCCN-PTE-PCH | F100: 7100 - CHANCADO Y ACOPIO | G100: TCCN-PTE-PCH-CNP | H100: CHANCADO PRIMARIO | I100: TCCN-PTE-PCH-CNP-TC4 | J100: TECLE MANTENCION ALIMENTADOR DE PLACAS | L100: TCCN-PTE-PCH-CNP-TC4-SCE | M100: SISTEMA ELECTRICO | N100: TCCN-PTE-PCH-CNP-TC4-SCE-BTN | O100: BOTONERA TECLE MANT ALIMENTADOR PLACAS
A101: TCCN | B101: EL TENIENTE GERENCIA DE PLANTAS | C101: TCCN-PTE | D101: PLANTA TRATAMIENTO DE ESCORIA | E101: TCCN-PTE-PCH | F101: 7100 - CHANCADO Y ACOPIO | G101: TCCN-PTE-PCH-CNP | H101: CHANCADO PRIMARIO | I101: TCCN-PTE-PCH-CNP-TC5 | J101: TECLE MANTENCION CHANCADOR | L101: TCCN-PTE-PCH-CNP-TC5-SIZ | M101: SISTEMA IZAJE | N101: TCCN-PTE-PCH-CNP-TC5-SIZ-MOE | O101: MOTOR ELECTRI IZAJE TECLE MANT CHANCADOR
A102: TCCN | B102: EL TENIENTE GERENCIA DE PLANTAS | C102: TCCN-PTE | D102: PLANTA TRATAMIENTO DE ESCORIA | E102: TCCN-PTE-PCH | F102: 7100 - CHANCADO Y ACOPIO | G102: TCCN-PTE-PCH-CNP | H102: CHANCADO PRIMARIO | I102: TCCN-PTE-PCH-CNP-TC5 | J102: TECLE MANTENCION CHANCADOR | L102: TCCN-PTE-PCH-CNP-TC5-SIZ | M102: SISTEMA IZAJE | N102: TCCN-PTE-PCH-CNP-TC5-SIZ-RED | O102: REDUCTOR IZAJE TECLE MANTENCIO CHANCADOR
A103: TCCN | B103: EL TENIENTE GERENCIA DE PLANTAS | C103: TCCN-PTE | D103: PLANTA TRATAMIENTO DE ESCORIA | E103: TCCN-PTE-PCH | F103: 7100 - CHANCADO Y ACOPIO | G103: TCCN-PTE-PCH-CNP | H103: CHANCADO PRIMARIO | I103: TCCN-PTE-PCH-CNP-TC5 | J103: TECLE MANTENCION CHANCADOR | L103: TCCN-PTE-PCH-CNP-TC5-SIZ | M103: SISTEMA IZAJE | N103: TCCN-PTE-PCH-CNP-TC5-SIZ-TBO | O103: TAMBOR CABLE TECLE MANTENCION CHANCADOR
A104: TCCN | B104: EL TENIENTE GERENCIA DE PLANTAS | C104: TCCN-PTE | D104: PLANTA TRATAMIENTO DE ESCORIA | E104: TCCN-PTE-PCH | F104: 7100 - CHANCADO Y ACOPIO | G104: TCCN-PTE-PCH-CNP | H104: CHANCADO PRIMARIO | I104: TCCN-PTE-PCH-CNP-TC5 | J104: TECLE MANTENCION CHANCADOR | L104: TCCN-PTE-PCH-CNP-TC5-SDZ | M104: SISTEMA DESPLAZAMIENTO MONORRIEL | N104: TCCN-PTE-PCH-CNP-TC5-SDZ-MOE | O104: MOTOR ELEC MONORRIEL TECL MANT CHANCADOR
A105: TCCN | B105: EL TENIENTE GERENCIA DE PLANTAS | C105: TCCN-PTE | D105: PLANTA TRATAMIENTO DE ESCORIA | E105: TCCN-PTE-PCH | F105: 7100 - CHANCADO Y ACOPIO | G105: TCCN-PTE-PCH-CNP | H105: CHANCADO PRIMARIO | I105: TCCN-PTE-PCH-CNP-TC5 | J105: TECLE MANTENCION CHANCADOR | L105: TCCN-PTE-PCH-CNP-TC5-SCE | M105: SISTEMA ELECTRICO | N105: TCCN-PTE-PCH-CNP-TC5-SCE-BTN | O105: BOTONERA TECLE MANTENCION CHANCADOR
A106: TCCN | B106: EL TENIENTE GERENCIA DE PLANTAS | C106: TCCN-PTE | D106: PLANTA TRATAMIENTO DE ESCORIA | E106: TCCN-PTE-PCH | F106: 7100 - CHANCADO Y ACOPIO | G106: TCCN-PTE-PCH-CNP | H106: CHANCADO PRIMARIO | I106: TCCN-PTE-PCH-CNP-TC6 | J106: TECLE POLEA COLA CORREA A ACOPIO | L106: TCCN-PTE-PCH-CNP-TC6-SIZ | M106: SISTEMA IZAJE | N106: TCCN-PTE-PCH-CNP-TC6-SIZ-MOE | O106: MOTOR ELEC IZAJE TECL POLEA COLA COR ACO
A107: TCCN | B107: EL TENIENTE GERENCIA DE PLANTAS | C107: TCCN-PTE | D107: PLANTA TRATAMIENTO DE ESCORIA | E107: TCCN-PTE-PCH | F107: 7100 - CHANCADO Y ACOPIO | G107: TCCN-PTE-PCH-CNP | H107: CHANCADO PRIMARIO | I107: TCCN-PTE-PCH-CNP-TC6 | J107: TECLE POLEA COLA CORREA A ACOPIO | L107: TCCN-PTE-PCH-CNP-TC6-SIZ | M107: SISTEMA IZAJE | N107: TCCN-PTE-PCH-CNP-TC6-SIZ-RED | O107: REDUCTOR IZAJE TECL POLEA COLA CORR ACOP
... A224: TCCN | B224: EL TENIENTE GERENCIA DE PLANTAS | C224: TCCN-PTE | D224: PLANTA TRATAMIENTO DE ESCORIA | E224: TCCN-PTE-PSG | F224: 7200 - MOLIENDA ESCORIA | G224: TCCN-PTE-PSG-SAG | H224: MOLIENDA SAG | I224: TCCN-PTE-PSG-SAG-AP2 | J224: ALIMENTADOR DE PLACAS ACOPIO ESCORIA N°2 | L224: TCCN-PTE-PSG-SAG-AP2-SES | M224: SISTEMA ESTRUCTURAL | N224: TCCN-PTE-PSG-SAG-AP2-SES-CH3 | O224: CHUTE RECOLECTOR DE FINOS ALIMENTADR N°2
A225: TCCN | B225: EL TENIENTE GERENCIA DE PLANTAS | C225: TCCN-PTE | D225: PLANTA TRATAMIENTO DE ESCORIA | E225: TCCN-PTE-PSG | F225: 7200 - MOLIENDA ESCORIA | G225: TCCN-PTE-PSG-SAG | H225: MOLIENDA SAG | I225: TCCN-PTE-PSG-SAG-CH7 | J225: CHUTE MOVIL CALIBRACION DESCARGA ESCORIA
A226: TCCN | B226: EL TENIENTE GERENCIA DE PLANTAS | C226: TCCN-PTE | D226: PLANTA TRATAMIENTO DE ESCORIA | E226: TCCN-PTE-PSG | F226: 7200 - MOLIENDA ESCORIA | G226: TCCN-PTE-PSG-SAG | H226: MOLIENDA SAG | I226: TCCN-PTE-PSG-SAG-CH8 | J226: CHUTE FIJO CALIBRACION DESCARGA ESCORIA
A227: TCCN | B227: EL TENIENTE GERENCIA DE PLANTAS | C227: TCCN-PTE | D227: PLANTA TRATAMIENTO DE ESCORIA | E227: TCCN-PTE-PSG | F227: 7200 - MOLIENDA ESCORIA | G227: TCCN-PTE-PSG-SAG | H227: MOLIENDA SAG | I227: TCCN-PTE-PSG-SAG-SDP | J227: SUPRESOR DE POLVO DSCGA ALIMENTADORS N°1 | L227: TCCN-PTE-PSG-SAG-SDP-SHN | M227: SISTEMA HIDRONEUMATICO | N227: TCCN-PTE-PSG-SAG-SDP-SHN-BVV | O227: BANCO VALVULAS SUPR POLVO DSCGA ALIMEN 1
A228: TCCN | B228: EL TENIENTE GERENCIA DE PLANTAS | C228: TCCN-PTE | D228: PLANTA TRATAMIENTO DE ESCORIA | E228: TCCN-PTE-PSG | F228: 7200 - MOLIENDA ESCORIA | G228: TCCN-PTE-PSG-SAG | H228: MOLIENDA SAG | I228: TCCN-PTE-PSG-SAG-SDP | J228: SUPRESOR DE POLVO DSCGA ALIMENTADORS N°1 | L228: TCCN-PTE-PSG-SAG-SDP-INS | M228: SISTEMA DE INSTRUMENTACION Y CONTROL | N228: TCCN-PTE-PSG-SAG-SDP-INS-GAB | O228: GABINETE CONTROL Y MONITOREO SUPR ALIM 1
A229: TCCN | B229: EL TENIENTE GERENCIA DE PLANTAS | C229: TCCN-PTE | D229: PLANTA TRATAMIENTO DE ESCORIA | E229: TCCN-PTE-PSG | F229: 7200 - MOLIENDA ESCORIA | G229: TCCN-PTE-PSG-SAG | H229: MOLIENDA SAG | I229: TCCN-PTE-PSG-SAG-CT1 | J229: CORREA ALIMENTACION MOLINO SAG N°1 | L229: TCCN-PTE-PSG-SAG-CT1-SES | M229: SISTEMA ESTRUCTURAL | N229: TCCN-PTE-PSG-SAG-CT1-SES-GUA | O229: GUARDERAS CORREA ALIMENTAC MOLINO SAG 1
A230: TCCN | B230: EL TENIENTE GERENCIA DE PLANTAS | C230: TCCN-PTE | D230: PLANTA TRATAMIENTO DE ESCORIA | E230: TCCN-PTE-PSG | F230: 7200 - MOLIENDA ESCORIA | G230: TCCN-PTE-PSG-SAG | H230: MOLIENDA SAG | I230: TCCN-PTE-PSG-SAG-CT1 | J230: CORREA ALIMENTACION MOLINO SAG N°1 | L230: TCCN-PTE-PSG-SAG-CT1-SES | M230: SISTEMA ESTRUCTURAL | N230: TCCN-PTE-PSG-SAG-CT1-SES-EST | O230: ESTRUCTURA PPAL CORREA ALIM MOLINO SAG 1
A231: TCCN | B231: EL TENIENTE GERENCIA DE PLANTAS | C231: TCCN-PTE | D231: PLANTA TRATAMIENTO DE ESCORIA | E231: TCCN-PTE-PSG | F231: 7200 - MOLIENDA ESCORIA | G231: TCCN-PTE-PSG-SAG | H231: MOLIENDA SAG | I231: TCCN-PTE-PSG-SAG-CT1 | J231: CORREA ALIMENTACION MOLINO SAG N°1 | L231: TCCN-PTE-PSG-SAG-CT1-SES | M231: SISTEMA ESTRUCTURAL | N231: TCCN-PTE-PSG-SAG-CT1-SES-LPS | O231: LIMPIADORES 1° Y 2° COR ALIM MOLIN SAG 1
A232: TCCN | B232: EL TENIENTE GERENCIA DE PLANTAS | C232: TCCN-PTE | D232: PLANTA TRATAMIENTO DE ESCORIA | E232: TCCN-PTE-PSG | F232: 7200 - MOLIENDA ESCORIA | G232: TCCN-PTE-PSG-SAG | H232: MOLIENDA SAG | I232: TCCN-PTE-PSG-SAG-CT1 | J232: CORREA ALIMENTACION MOLINO SAG N°1 | L232: TCCN-PTE-PSG-SAG-CT1-SES | M232: SISTEMA ESTRUCTURAL | N232: TCCN-PTE-PSG-SAG-CT1-SES-RPD | O232: RASPADOR CORREA ALIMENTAC MOLINO SAG 1
A233: TCCN | B233: EL TENIENTE GERENCIA DE PLANTAS | C233: TCCN-PTE | D233: PLANTA TRATAMIENTO DE ESCORIA | E233: TCCN-PTE-PSG | F233: 7200 - MOLIENDA ESCORIA | G233: TCCN-PTE-PSG-SAG | H233: MOLIENDA SAG | I233: TCCN-PTE-PSG-SAG-CT1 | J233: CORREA ALIMENTACION MOLINO SAG N°1 | L233: TCCN-PTE-PSG-SAG-CT1-SES | M233: SISTEMA ESTRUCTURAL | N233: TCCN-PTE-PSG-SAG-CT1-SES-CHU | O233: CHUTE DE DESCARGA CORREA A MOLINO SAG
A234: TCCN | B234: EL TENIENTE GERENCIA DE PLANTAS | C234: TCCN-PTE | D234: PLANTA TRATAMIENTO DE ESCORIA | E234: TCCN-PTE-PSG | F234: 7200 - MOLIENDA ESCORIA | G234: TCCN-PTE-PSG-SAG | H234: MOLIENDA SAG | I234: TCCN-PTE-PSG-SAG-CT1 | J234: CORREA ALIMENTACION MOLINO SAG N°1 | L234: TCCN-PTE-PSG-SAG-CT1-STR | M234: SISTEMA TRANSPORTE | N234: TCCN-PTE-PSG-SAG-CT1-STR-CTA | O234: CINTA CORREA ALIMENTACION MOLINO SAG N°1
A235: TCCN | B235: EL TENIENTE GERENCIA DE PLANTAS | C235: TCCN-PTE | D235: PLANTA TRATAMIENTO DE ESCORIA | E235: TCCN-PTE-PSG | F235: 7200 - MOLIENDA ESCORIA | G235: TCCN-PTE-PSG-SAG | H235: MOLIENDA SAG | I235: TCCN-PTE-PSG-SAG-CT1 | J235: CORREA ALIMENTACION MOLINO SAG N°1 | L235: TCCN-PTE-PSG-SAG-CT1-STR | M235: SISTEMA TRANSPORTE | N235: TCCN-PTE-PSG-SAG-CT1-STR-PCO | O235: POLEA DE COLA Y DEFLECTORA COR MOL SAG 1
A236: TCCN | B236: EL TENIENTE GERENCIA DE PLANTAS | C236: TCCN-PTE | D236: PLANTA TRATAMIENTO DE ESCORIA | E236: TCCN-PTE-PSG | F236: 7200 - MOLIENDA ESCORIA | G236: TCCN-PTE-PSG-SAG | H236: MOLIENDA SAG | I236: TCCN-PTE-PSG-SAG-CT1 | J236: CORREA ALIMENTACION MOLINO SAG N°1 | L236: TCCN-PTE-PSG-SAG-CT1-STR | M236: SISTEMA TRANSPORTE | N236: TCCN-PTE-PSG-SAG-CT1-STR-PDF | O236: POLEA DE CONTRAPESO CORRE ALIM MOL SAG 1
A237: TCCN | B237: EL TENIENTE GERENCIA DE PLANTAS | C237: TCCN-PTE | D237: PLANTA TRATAMIENTO DE ESCORIA | E237: TCCN-PTE-PSG | F237: 7200 - MOLIENDA ESCORIA | G237: TCCN-PTE-PSG-SAG | H237: MOLIENDA SAG | I237: TCCN-PTE-PSG-SAG-CT1 | J237: CORREA ALIMENTACION MOLINO SAG N°1 | L237: TCCN-PTE-PSG-SAG-CT1-STR | M237: SISTEMA TRANSPORTE | N237: TCCN-PTE-PSG-SAG-CT1-STR-PO1 | O237: POLINES DE RETORNO CORREA ALIM MOL SAG 1
A238: TCCN | B238: EL TENIENTE GERENCIA DE PLANTAS | C238: TCCN-PTE | D238: PLANTA TRATAMIENTO DE ESCORIA | E238: TCCN-PTE-PSG | F238: 7200 - MOLIENDA ESCORIA | G238: TCCN-PTE-PSG-SAG | H238: MOLIENDA SAG | I238: TCCN-PTE-PSG-SAG-CT1 | J238: CORREA ALIMENTACION MOLINO SAG N°1 | L238: TCCN-PTE-PSG-SAG-CT1-STR | M238: SISTEMA TRANSPORTE | N238: TCCN-PTE-PSG-SAG-CT1-STR-PO2 | O238: POLINES DE CARGA CORREA ALIME MOL SAG 1
... A248: TCCN | B248: EL TENIENTE GERENCIA DE PLANTAS | C248: TCCN-PTE | D248: PLANTA TRATAMIENTO DE ESCORIA | E248: TCCN-PTE-PSG | F248: 7200 - MOLIENDA ESCORIA | G248: TCCN-PTE-PSG-SAG | H248: MOLIENDA SAG | I248: TCCN-PTE-PSG-SAG-CT1 | J248: CORREA ALIMENTACION MOLINO SAG N°1 | L248: TCCN-PTE-PSG-SAG-CT1-SMO | M248: SISTEMA MOTRIZ | N248: TCCN-PTE-PSG-SAG-CT1-SMO-FSE | O248: FRENO CORREA ALIMENTACION MOLINO SAG N°1
A249: TCCN | B249: EL TENIENTE GERENCIA DE PLANTAS | C249: TCCN-PTE | D249: PLANTA TRATAMIENTO DE ESCORIA | E249: TCCN-PTE-PSG | F249: 7200 - MOLIENDA ESCORIA | G249: TCCN-PTE-PSG-SAG | H249: MOLIENDA SAG | I249: TCCN-PTE-PSG-SAG-CT1 | J249: CORREA ALIMENTACION MOLINO SAG N°1 | L249: TCCN-PTE-PSG-SAG-CT1-INS | M249: SISTEMA DE INSTRUMENTACION Y CONTROL
A250: TCCN | B250: EL TENIENTE GERENCIA DE PLANTAS | C250: TCCN-PTE | D250: PLANTA TRATAMIENTO DE ESCORIA | E250: TCCN-PTE-PSG | F250: 7200 - MOLIENDA ESCORIA | G250: TCCN-PTE-PSG-SAG | H250: MOLIENDA SAG | I250: TCCN-PTE-PSG-SAG-CT1 | J250: CORREA ALIMENTACION MOLINO SAG N°1 | L250: TCCN-PTE-PSG-SAG-CT1-SPJ | M250: SISTEMA PESAJE | N250: TCCN-PTE-PSG-SAG-CT1-SPJ-PES | O250: PESOMETRO DE CORREA ALIMENTAC MOL SAG 1
A251: TCCN | B251: EL TENIENTE GERENCIA DE PLANTAS | C251: TCCN-PTE | D251: PLANTA TRATAMIENTO DE ESCORIA | E251: TCCN-PTE-PSG | F251: 7200 - MOLIENDA ESCORIA | G251: TCCN-PTE-PSG-SAG | H251: MOLIENDA SAG | I251: TCCN-PTE-PSG-SAG-MSG | J251: MOLINO SAG N°1 | L251: TCCN-PTE-PSG-SAG-MSG-SMO | M251: SISTEMA MOTRIZ | N251: TCCN-PTE-PSG-SAG-MSG-SMO-MOE | O251: MOTOR ELEC MOLINO SAG N°1
A252: TCCN | B252: EL TENIENTE GERENCIA DE PLANTAS | C252: TCCN-PTE | D252: PLANTA TRATAMIENTO DE ESCORIA | E252: TCCN-PTE-PSG | F252: 7200 - MOLIENDA ESCORIA | G252: TCCN-PTE-PSG-SAG | H252: MOLIENDA SAG | I252: TCCN-PTE-PSG-SAG-MSG | J252: MOLINO SAG N°1 | L252: TCCN-PTE-PSG-SAG-MSG-SMO | M252: SISTEMA MOTRIZ | N252: TCCN-PTE-PSG-SAG-MSG-SMO-ACP | O252: ACOPLAMIENTO MOLINO SAG N°1
A253: TCCN | B253: EL TENIENTE GERENCIA DE PLANTAS | C253: TCCN-PTE | D253: PLANTA TRATAMIENTO DE ESCORIA | E253: TCCN-PTE-PSG | F253: 7200 - MOLIENDA ESCORIA | G253: TCCN-PTE-PSG-SAG | H253: MOLIENDA SAG | I253: TCCN-PTE-PSG-SAG-MSG | J253: MOLINO SAG N°1 | L253: TCCN-PTE-PSG-SAG-MSG-SMO | M253: SISTEMA MOTRIZ | N253: TCCN-PTE-PSG-SAG-MSG-SMO-COR | O253: CORONA MOLINO SAG N°1
A254: TCCN | B254: EL TENIENTE GERENCIA DE PLANTAS | C254: TCCN-PTE | D254: PLANTA TRATAMIENTO DE ESCORIA | E254: TCCN-PTE-PSG | F254: 7200 - MOLIENDA ESCORIA | G254: TCCN-PTE-PSG-SAG | H254: MOLIENDA SAG | I254: TCCN-PTE-PSG-SAG-MSG | J254: MOLINO SAG N°1 | L254: TCCN-PTE-PSG-SAG-MSG-SMO | M254: SISTEMA MOTRIZ | N254: TCCN-PTE-PSG-SAG-MSG-SMO-PNN | O254: PIÑON MOLINO SAG N°1
A255: TCCN | B255: EL TENIENTE GERENCIA DE PLANTAS | C255: TCCN-PTE | D255: PLANTA TRATAMIENTO DE ESCORIA | E255: TCCN-PTE-PSG | F255: 7200 - MOLIENDA ESCORIA | G255: TCCN-PTE-PSG-SAG | H255: MOLIENDA SAG | I255: TCCN-PTE-PSG-SAG-MSG | J255: MOLINO SAG N°1 | L255: TCCN-PTE-PSG-SAG-MSG-SFR | M255: SISTEMA FRENOS | N255: TCCN-PTE-PSG-SAG-MSG-SFR-MOE | O255: MOTOR ELEC MOLINO SAG N°1
A256: TCCN | B256: EL TENIENTE GERENCIA DE PLANTAS | C256: TCCN-PTE | D256: PLANTA TRATAMIENTO DE ESCORIA | E256: TCCN-PTE-PSG | F256: 7200 - MOLIENDA ESCORIA | G256: TCCN-PTE-PSG-SAG | H256: MOLIENDA SAG | I256: TCCN-PTE-PSG-SAG-MSG | J256: MOLINO SAG N°1 | L256: TCCN-PTE-PSG-SAG-MSG-SFR | M256: SISTEMA FRENOS | N256: TCCN-PTE-PSG-SAG-MSG-SFR-BBA | O256: BOMBA SISTEMA DE FRENO MOLINO SAG N°1
A257: TCCN | B257: EL TENIENTE GERENCIA DE PLANTAS | C257: TCCN-PTE | D257: PLANTA TRATAMIENTO DE ESCORIA | E257: TCCN-PTE-PSG | F257: 7200 - MOLIENDA ESCORIA | G257: TCCN-PTE-PSG-SAG | H257: MOLIENDA SAG | I257: TCCN-PTE-PSG-SAG-MSG | J257: MOLINO SAG N°1 | L257: TCCN-PTE-PSG-SAG-MSG-SFR | M257: SISTEMA FRENOS | N257: TCCN-PTE-PSG-SAG-MSG-SFR-MOR | O257: MORDAZAS FRENO MOLINO SAG N°1
A258: TCCN | B258: EL TENIENTE GERENCIA DE PLANTAS | C258: TCCN-PTE | D258: PLANTA TRATAMIENTO DE ESCORIA | E258: TCCN-PTE-PSG | F258: 7200 - MOLIENDA ESCORIA | G258: TCCN-PTE-PSG-SAG | H258: MOLIENDA SAG | I258: TCCN-PTE-PSG-SAG-MSG | J258: MOLINO SAG N°1 | L258: TCCN-PTE-PSG-SAG-MSG-SFR | M258: SISTEMA FRENOS | N258: TCCN-PTE-PSG-SAG-MSG-SFR-UHD | O258: UNIDAD HIDRAULICA SIST. FRENO
A259: TCCN | B259: EL TENIENTE GERENCIA DE PLANTAS | C259: TCCN-PTE | D259: PLANTA TRATAMIENTO DE ESCORIA | E259: TCCN-PTE-PSG | F259: 7200 - MOLIENDA ESCORIA | G259: TCCN-PTE-PSG-SAG | H259: MOLIENDA SAG | I259: TCCN-PTE-PSG-SAG-MSG | J259: MOLINO SAG N°1 | L259: TCCN-PTE-PSG-SAG-MSG-SGR | M259: SISTEMA ENGRASE | N259: TCCN-PTE-PSG-SAG-MSG-SGR-EGA | O259: ENGRASADORA AUTOMATICA MOLINO SAG N°1
A260: TCCN | B260: EL TENIENTE GERENCIA DE PLANTAS | C260: TCCN-PTE | D260: PLANTA TRATAMIENTO DE ESCORIA | E260: TCCN-PTE-PSG | F260: 7200 - MOLIENDA ESCORIA | G260: TCCN-PTE-PSG-SAG | H260: MOLIENDA SAG | I260: TCCN-PTE-PSG-SAG-MSG | J260: MOLINO SAG N°1 | L260: TCCN-PTE-PSG-SAG-MSG-SLE | M260: SISTEMA DE LEVANTE | N260: TCCN-PTE-PSG-SAG-MSG-SLE-PLA | O260: PLATAFORMA MOLINO SAG N°1
A261: TCCN | B261: EL TENIENTE GERENCIA DE PLANTAS | C261: TCCN-PTE | D261: PLANTA TRATAMIENTO DE ESCORIA | E261: TCCN-PTE-PSG | F261: 7200 - MOLIENDA ESCORIA | G261: TCCN-PTE-PSG-SAG | H261: MOLIENDA SAG | I261: TCCN-PTE-PSG-SAG-MSG | J261: MOLINO SAG N°1 | L261: TCCN-PTE-PSG-SAG-MSG-SLE | M261: SISTEMA DE LEVANTE | N261: TCCN-PTE-PSG-SAG-MSG-SLE-BBA | O261: BOMBA DE SOPORTE MOLINO SAG N°1
... A278: TCCN | B278: EL TENIENTE GERENCIA DE PLANTAS | C278: TCCN-PTE | D278: PLANTA TRATAMIENTO DE ESCORIA | E278: TCCN-PTE-PSG | F278: 7200 - MOLIENDA ESCORIA | G278: TCCN-PTE-PSG-SAG | H278: MOLIENDA SAG | I278: TCCN-PTE-PSG-SAG-MSG | J278: MOLINO SAG N°1 | L278: TCCN-PTE-PSG-SAG-MSG-SHI | M278: UNIDAD HIDRAULICA | N278: TCCN-PTE-PSG-SAG-MSG-SHI-ETQ | O278: ESTANQUE UNIDAD HIDRAULICA
A279: TCCN | B279: EL TENIENTE GERENCIA DE PLANTAS | C279: TCCN-PTE | D279: PLANTA TRATAMIENTO DE ESCORIA | E279: TCCN-PTE-PSG | F279: 7200 - MOLIENDA ESCORIA | G279: TCCN-PTE-PSG-SAG | H279: MOLIENDA SAG | I279: TCCN-PTE-PSG-SAG-MSG | J279: MOLINO SAG N°1 | L279: TCCN-PTE-PSG-SAG-MSG-SCE | M279: SISTEMA ELECTRICO
A280: TCCN | B280: EL TENIENTE GERENCIA DE PLANTAS | C280: TCCN-PTE | D280: PLANTA TRATAMIENTO DE ESCORIA | E280: TCCN-PTE-PSG | F280: 7200 - MOLIENDA ESCORIA | G280: TCCN-PTE-PSG-SAG | H280: MOLIENDA SAG | I280: TCCN-PTE-PSG-SAG-MSG | J280: MOLINO SAG N°1 | L280: TCCN-PTE-PSG-SAG-MSG-SLU | M280: UNIDAD DE LUBRICACION | N280: TCCN-PTE-PSG-SAG-MSG-SLU-BB2 | O280: BOMBA UNIDAD DE LUBRICACION
A281: TCCN | B281: EL TENIENTE GERENCIA DE PLANTAS | C281: TCCN-PTE | D281: PLANTA TRATAMIENTO DE ESCORIA | E281: TCCN-PTE-PSG | F281: 7200 - MOLIENDA ESCORIA | G281: TCCN-PTE-PSG-SAG | H281: MOLIENDA SAG | I281: TCCN-PTE-PSG-SAG-MSG | J281: MOLINO SAG N°1 | L281: TCCN-PTE-PSG-SAG-MSG-SLU | M281: UNIDAD DE LUBRICACION | N281: TCCN-PTE-PSG-SAG-MSG-SLU-MNF | O281: DISTRIBUIDOR DE FLUJO UNIDAD DE LUBR
A282: TCCN | B282: EL TENIENTE GERENCIA DE PLANTAS | C282: TCCN-PTE | D282: PLANTA TRATAMIENTO DE ESCORIA | E282: TCCN-PTE-PSG | F282: 7200 - MOLIENDA ESCORIA | G282: TCCN-PTE-PSG-SAG | H282: MOLIENDA SAG | I282: TCCN-PTE-PSG-SAG-MSG | J282: MOLINO SAG N°1 | L282: TCCN-PTE-PSG-SAG-MSG-SLU | M282: UNIDAD DE LUBRICACION | N282: TCCN-PTE-PSG-SAG-MSG-SLU-MOE | O282: MOTOR ELEC UNIDAD DE LUBRICACION
A283: TCCN | B283: EL TENIENTE GERENCIA DE PLANTAS | C283: TCCN-PTE | D283: PLANTA TRATAMIENTO DE ESCORIA | E283: TCCN-PTE-PSG | F283: 7200 - MOLIENDA ESCORIA | G283: TCCN-PTE-PSG-SAG | H283: MOLIENDA SAG | I283: TCCN-PTE-PSG-SAG-CT2 | J283: CORREA DESCARGA TROMMEL N°1 | L283: TCCN-PTE-PSG-SAG-CT2-SES | M283: SISTEMA ESTRUCTURAL | N283: TCCN-PTE-PSG-SAG-CT2-SES-GUA | O283: GUARDERAS CORREA DESCARGA TROMMEL 1
A284: TCCN | B284: EL TENIENTE GERENCIA DE PLANTAS | C284: TCCN-PTE | D284: PLANTA TRATAMIENTO DE ESCORIA | E284: TCCN-PTE-PSG | F284: 7200 - MOLIENDA ESCORIA | G284: TCCN-PTE-PSG-SAG | H284: MOLIENDA SAG | I284: TCCN-PTE-PSG-SAG-CT2 | J284: CORREA DESCARGA TROMMEL N°1 | L284: TCCN-PTE-PSG-SAG-CT2-SES | M284: SISTEMA ESTRUCTURAL | N284: TCCN-PTE-PSG-SAG-CT2-SES-EST | O284: ESTRUCTURA PPAL CORREA DESCARG TROMMEL 1
A285: TCCN | B285: EL TENIENTE GERENCIA DE PLANTAS | C285: TCCN-PTE | D285: PLANTA TRATAMIENTO DE ESCORIA | E285: TCCN-PTE-PSG | F285: 7200 - MOLIENDA ESCORIA | G285: TCCN-PTE-PSG-SAG | H285: MOLIENDA SAG | I285: TCCN-PTE-PSG-SAG-CT2 | J285: CORREA DESCARGA TROMMEL N°1 | L285: TCCN-PTE-PSG-SAG-CT2-SES | M285: SISTEMA ESTRUCTURAL | N285: TCCN-PTE-PSG-SAG-CT2-SES-LPS | O285: LIMPIADORES 1° Y 2° CORRE DESC TROMMEL 1
A286: TCCN | B286: EL TENIENTE GERENCIA DE PLANTAS | C286: TCCN-PTE | D286: PLANTA TRATAMIENTO DE ESCORIA | E286: TCCN-PTE-PSG | F286: 7200 - MOLIENDA ESCORIA | G286: TCCN-PTE-PSG-SAG | H286: MOLIENDA SAG | I286: TCCN-PTE-PSG-SAG-CT2 | J286: CORREA DESCARGA TROMMEL N°1 | L286: TCCN-PTE-PSG-SAG-CT2-SES | M286: SISTEMA ESTRUCTURAL | N286: TCCN-PTE-PSG-SAG-CT2-SES-RPD | O286: RASPADOR CORREA DESCARGA TROMMEL 1
A287: TCCN | B287: EL TENIENTE GERENCIA DE PLANTAS | C287: TCCN-PTE | D287: PLANTA TRATAMIENTO DE ESCORIA | E287: TCCN-PTE-PSG | F287: 7200 - MOLIENDA ESCORIA | G287: TCCN-PTE-PSG-SAG | H287: MOLIENDA SAG | I287: TCCN-PTE-PSG-SAG-CT2 | J287: CORREA DESCARGA TROMMEL N°1 | L287: TCCN-PTE-PSG-SAG-CT2-SES | M287: SISTEMA ESTRUCTURAL | N287: TCCN-PTE-PSG-SAG-CT2-SES-CHU | O287: CHUTE DE DESCARGA A CORREA VERT PEBBLES
A288: TCCN | B288: EL TENIENTE GERENCIA DE PLANTAS | C288: TCCN-PTE | D288: PLANTA TRATAMIENTO DE ESCORIA | E288: TCCN-PTE-PSG | F288: 7200 - MOLIENDA ESCORIA | G288: TCCN-PTE-PSG-SAG | H288: MOLIENDA SAG | I288: TCCN-PTE-PSG-SAG-CT2 | J288: CORREA DESCARGA TROMMEL N°1 | L288: TCCN-PTE-PSG-SAG-CT2-STR | M288: SISTEMA TRANSPORTE | N288: TCCN-PTE-PSG-SAG-CT2-STR-CTA | O288: CINTA CORREA DESCARGA TROMMEL 1
A289: TCCN | B289: EL TENIENTE GERENCIA DE PLANTAS | C289: TCCN-PTE | D289: PLANTA TRATAMIENTO DE ESCORIA | E289: TCCN-PTE-PSG | F289: 7200 - MOLIENDA ESCORIA | G289: TCCN-PTE-PSG-SAG | H289: MOLIENDA SAG | I289: TCCN-PTE-PSG-SAG-CT2 | J289: CORREA DESCARGA TROMMEL N°1 | L289: TCCN-PTE-PSG-SAG-CT2-STR | M289: SISTEMA TRANSPORTE | N289: TCCN-PTE-PSG-SAG-CT2-STR-PCO | O289: POLEA DE COLA CORREA DESCARGA TROMMEL 1
A290: TCCN | B290: EL TENIENTE GERENCIA DE PLANTAS | C290: TCCN-PTE | D290: PLANTA TRATAMIENTO DE ESCORIA | E290: TCCN-PTE-PSG | F290: 7200 - MOLIENDA ESCORIA | G290: TCCN-PTE-PSG-SAG | H290: MOLIENDA SAG | I290: TCCN-PTE-PSG-SAG-CT2 | J290: CORREA DESCARGA TROMMEL N°1 | L290: TCCN-PTE-PSG-SAG-CT2-STR | M290: SISTEMA TRANSPORTE | N290: TCCN-PTE-PSG-SAG-CT2-STR-PO1 | O290: POLINES DE CARGA CORREA DESCAR TROMMEL 1
A291: TCCN | B291: EL TENIENTE GERENCIA DE PLANTAS | C291: TCCN-PTE | D291: PLANTA TRATAMIENTO DE ESCORIA | E291: TCCN-PTE-PSG | F291: 7200 - MOLIENDA ESCORIA | G291: TCCN-PTE-PSG-SAG | H291: MOLIENDA SAG | I291: TCCN-PTE-PSG-SAG-CT2 | J291: CORREA DESCARGA TROMMEL N°1 | L291: TCCN-PTE-PSG-SAG-CT2-STR | M291: SISTEMA TRANSPORTE | N291: TCCN-PTE-PSG-SAG-CT2-STR-PO2 | O291: POLINES DE TRANSICION CORR DES TROMMEL 1
... A322: TCCN | B322: EL TENIENTE GERENCIA DE PLANTAS | C322: TCCN-PTE | D322: PLANTA TRATAMIENTO DE ESCORIA | E322: TCCN-PTE-PSG | F322: 7200 - MOLIENDA ESCORIA | G322: TCCN-PTE-PSG-SAG | H322: MOLIENDA SAG | I322: TCCN-PTE-PSG-SAG-CT3 | J322: CORREA DE ALTA PENDIENTE PEBBLES N°1 | L322: TCCN-PTE-PSG-SAG-CT3-SMO | M322: SISTEMA MOTRIZ | N322: TCCN-PTE-PSG-SAG-CT3-SMO-FSE | O322: FRENO BACKSTOP CORREA ALTA PEND PEBBLE 1
A323: TCCN | B323: EL TENIENTE GERENCIA DE PLANTAS | C323: TCCN-PTE | D323: PLANTA TRATAMIENTO DE ESCORIA | E323: TCCN-PTE-PSG | F323: 7200 - MOLIENDA ESCORIA | G323: TCCN-PTE-PSG-SAG | H323: MOLIENDA SAG | I323: TCCN-PTE-PSG-SAG-CT3 | J323: CORREA DE ALTA PENDIENTE PEBBLES N°1 | L323: TCCN-PTE-PSG-SAG-CT3-INS | M323: SISTEMA DE INSTRUMENTACION Y CONTROL
A324: TCCN | B324: EL TENIENTE GERENCIA DE PLANTAS | C324: TCCN-PTE | D324: PLANTA TRATAMIENTO DE ESCORIA | E324: TCCN-PTE-PSG | F324: 7200 - MOLIENDA ESCORIA | G324: TCCN-PTE-PSG-SAG | H324: MOLIENDA SAG | I324: TCCN-PTE-PSG-SAG-CT4 | J324: CORREA RETORNO DE PEBBLES N°1 | L324: TCCN-PTE-PSG-SAG-CT4-SES | M324: SISTEMA ESTRUCTURAL | N324: TCCN-PTE-PSG-SAG-CT4-SES-GUA | O324: GUARDERAS CORREA RETORNO DE PEBBLES 1
A325: TCCN | B325: EL TENIENTE GERENCIA DE PLANTAS | C325: TCCN-PTE | D325: PLANTA TRATAMIENTO DE ESCORIA | E325: TCCN-PTE-PSG | F325: 7200 - MOLIENDA ESCORIA | G325: TCCN-PTE-PSG-SAG | H325: MOLIENDA SAG | I325: TCCN-PTE-PSG-SAG-CT4 | J325: CORREA RETORNO DE PEBBLES N°1 | L325: TCCN-PTE-PSG-SAG-CT4-SES | M325: SISTEMA ESTRUCTURAL | N325: TCCN-PTE-PSG-SAG-CT4-SES-LPS | O325: LIMPIADORES 1° Y 2° CORREA RETORN PEBB 1
A326: TCCN | B326: EL TENIENTE GERENCIA DE PLANTAS | C326: TCCN-PTE | D326: PLANTA TRATAMIENTO DE ESCORIA | E326: TCCN-PTE-PSG | F326: 7200 - MOLIENDA ESCORIA | G326: TCCN-PTE-PSG-SAG | H326: MOLIENDA SAG | I326: TCCN-PTE-PSG-SAG-CT4 | J326: CORREA RETORNO DE PEBBLES N°1 | L326: TCCN-PTE-PSG-SAG-CT4-SES | M326: SISTEMA ESTRUCTURAL | N326: TCCN-PTE-PSG-SAG-CT4-SES-RPD | O326: RASPADOR CORREA RETORNO DE PEBBLES 1
A327: TCCN | B327: EL TENIENTE GERENCIA DE PLANTAS | C327: TCCN-PTE | D327: PLANTA TRATAMIENTO DE ESCORIA | E327: TCCN-PTE-PSG | F327: 7200 - MOLIENDA ESCORIA | G327: TCCN-PTE-PSG-SAG | H327: MOLIENDA SAG | I327: TCCN-PTE-PSG-SAG-CT4 | J327: CORREA RETORNO DE PEBBLES N°1 | L327: TCCN-PTE-PSG-SAG-CT4-SES | M327: SISTEMA ESTRUCTURAL | N327: TCCN-PTE-PSG-SAG-CT4-SES-EST | O327: ESTRUCTURA PPAL CORREA RETORNO PEBBLES 1
A328: TCCN | B328: EL TENIENTE GERENCIA DE PLANTAS | C328: TCCN-PTE | D328: PLANTA TRATAMIENTO DE ESCORIA | E328: TCCN-PTE-PSG | F328: 7200 - MOLIENDA ESCORIA | G328: TCCN-PTE-PSG-SAG | H328: MOLIENDA SAG | I328: TCCN-PTE-PSG-SAG-CT4 | J328: CORREA RETORNO DE PEBBLES N°1 | L328: TCCN-PTE-PSG-SAG-CT4-SES | M328: SISTEMA ESTRUCTURAL | N328: TCCN-PTE-PSG-SAG-CT4-SES-CHU | O328: CHUTE DESCARGA CTR-004 A MOLINO SAG
A329: TCCN | B329: EL TENIENTE GERENCIA DE PLANTAS | C329: TCCN-PTE | D329: PLANTA TRATAMIENTO DE ESCORIA | E329: TCCN-PTE-PSG | F329: 7200 - MOLIENDA ESCORIA | G329: TCCN-PTE-PSG-SAG | H329: MOLIENDA SAG | I329: TCCN-PTE-PSG-SAG-CT4 | J329: CORREA RETORNO DE PEBBLES N°1 | L329: TCCN-PTE-PSG-SAG-CT4-STR | M329: SISTEMA TRANSPORTE | N329: TCCN-PTE-PSG-SAG-CT4-STR-CTA | O329: CINTA CORREA RETORNO DE PEBBLES 1
A330: TCCN | B330: EL TENIENTE GERENCIA DE PLANTAS | C330: TCCN-PTE | D330: PLANTA TRATAMIENTO DE ESCORIA | E330: TCCN-PTE-PSG | F330: 7200 - MOLIENDA ESCORIA | G330: TCCN-PTE-PSG-SAG | H330: MOLIENDA SAG | I330: TCCN-PTE-PSG-SAG-CT4 | J330: CORREA RETORNO DE PEBBLES N°1 | L330: TCCN-PTE-PSG-SAG-CT4-STR | M330: SISTEMA TRANSPORTE | N330: TCCN-PTE-PSG-SAG-CT4-STR-PCO | O330: POLEA DE COLA CORREA RETORNO PEBBLES 1
A331: TCCN | B331: EL TENIENTE GERENCIA DE PLANTAS | C331: TCCN-PTE | D331: PLANTA TRATAMIENTO DE ESCORIA | E331: TCCN-PTE-PSG | F331: 7200 - MOLIENDA ESCORIA | G331: TCCN-PTE-PSG-SAG | H331: MOLIENDA SAG | I331: TCCN-PTE-PSG-SAG-CT4 | J331: CORREA RETORNO DE PEBBLES N°1 | L331: TCCN-PTE-PSG-SAG-CT4-STR | M331: SISTEMA TRANSPORTE | N331: TCCN-PTE-PSG-SAG-CT4-STR-PO1 | O331: POLINES DE RETORNO CORREA RETORNO PEBB 1
A332: TCCN | B332: EL TENIENTE GERENCIA DE PLANTAS | C332: TCCN-PTE | D332: PLANTA TRATAMIENTO DE ESCORIA | E332: TCCN-PTE-PSG | F332: 7200 - MOLIENDA ESCORIA | G332: TCCN-PTE-PSG-SAG | H332: MOLIENDA SAG | I332: TCCN-PTE-PSG-SAG-CT4 | J332: CORREA RETORNO DE PEBBLES N°1 | L332: TCCN-PTE-PSG-SAG-CT4-STR | M332: SISTEMA TRANSPORTE | N332: TCCN-PTE-PSG-SAG-CT4-STR-PO2 | O332: POLINES DE CARGA CORREA RETORN PEBBLES 1
A333: TCCN | B333: EL TENIENTE GERENCIA DE PLANTAS | C333: TCCN-PTE | D333: PLANTA TRATAMIENTO DE ESCORIA | E333: TCCN-PTE-PSG | F333: 7200 - MOLIENDA ESCORIA | G333: TCCN-PTE-PSG-SAG | H333: MOLIENDA SAG | I333: TCCN-PTE-PSG-SAG-CT4 | J333: CORREA RETORNO DE PEBBLES N°1 | L333: TCCN-PTE-PSG-SAG-CT4-STR | M333: SISTEMA TRANSPORTE | N333: TCCN-PTE-PSG-SAG-CT4-STR-PO3 | O333: POLINES DE TRANSICION CORR RETOR PEBBL 1
A334: TCCN | B334: EL TENIENTE GERENCIA DE PLANTAS | C334: TCCN-PTE | D334: PLANTA TRATAMIENTO DE ESCORIA | E334: TCCN-PTE-PSG | F334: 7200 - MOLIENDA ESCORIA | G334: TCCN-PTE-PSG-SAG | H334: MOLIENDA SAG | I334: TCCN-PTE-PSG-SAG-CT4 | J334: CORREA RETORNO DE PEBBLES N°1 | L334: TCCN-PTE-PSG-SAG-CT4-STR | M334: SISTEMA TRANSPORTE | N334: TCCN-PTE-PSG-SAG-CT4-STR-PO4 | O334: POLINES DE IMPACTO CORREA RETORNO PEBB 1
A335: TCCN | B335: EL TENIENTE GERENCIA DE PLANTAS | C335: TCCN-PTE | D335: PLANTA TRATAMIENTO DE ESCORIA | E335: TCCN-PTE-PSG | F335: 7200 - MOLIENDA ESCORIA | G335: TCCN-PTE-PSG-SAG | H335: MOLIENDA SAG | I335: TCCN-PTE-PSG-SAG-CT4 | J335: CORREA RETORNO DE PEBBLES N°1 | L335: TCCN-PTE-PSG-SAG-CT4-STR | M335: SISTEMA TRANSPORTE | N335: TCCN-PTE-PSG-SAG-CT4-STR-PO5 | O335: POLINES AUTOCENTRANTES CARGA RETO PEBB 1
... A342: TCCN | B342: EL TENIENTE GERENCIA DE PLANTAS | C342: TCCN-PTE | D342: PLANTA TRATAMIENTO DE ESCORIA | E342: TCCN-PTE-PSG | F342: 7200 - MOLIENDA ESCORIA | G342: TCCN-PTE-PSG-SAG | H342: MOLIENDA SAG | I342: TCCN-PTE-PSG-SAG-CT4 | J342: CORREA RETORNO DE PEBBLES N°1 | L342: TCCN-PTE-PSG-SAG-CT4-SMO | M342: SISTEMA MOTRIZ | N342: TCCN-PTE-PSG-SAG-CT4-SMO-PMO | O342: POLEA MOTRIZ CORREA RETORNO DE PEBBLES 1
A343: TCCN | B343: EL TENIENTE GERENCIA DE PLANTAS | C343: TCCN-PTE | D343: PLANTA TRATAMIENTO DE ESCORIA | E343: TCCN-PTE-PSG | F343: 7200 - MOLIENDA ESCORIA | G343: TCCN-PTE-PSG-SAG | H343: MOLIENDA SAG | I343: TCCN-PTE-PSG-SAG-CT4 | J343: CORREA RETORNO DE PEBBLES N°1 | L343: TCCN-PTE-PSG-SAG-CT4-INS | M343: SISTEMA DE INSTRUMENTACION Y CONTROL
A344: TCCN | B344: EL TENIENTE GERENCIA DE PLANTAS | C344: TCCN-PTE | D344: PLANTA TRATAMIENTO DE ESCORIA | E344: TCCN-PTE-PSG | F344: 7200 - MOLIENDA ESCORIA | G344: TCCN-PTE-PSG-SAG | H344: MOLIENDA SAG | I344: TCCN-PTE-PSG-SAG-CT4 | J344: CORREA RETORNO DE PEBBLES N°1 | L344: TCCN-PTE-PSG-SAG-CT4-STE | M344: SISTEMA TENSOR | N344: TCCN-PTE-PSG-SAG-CT4-STE-TEN | O344: TENSOR DE TORNILLO CORREA RETORNO PEBB 1
A345: TCCN | B345: EL TENIENTE GERENCIA DE PLANTAS | C345: TCCN-PTE | D345: PLANTA TRATAMIENTO DE ESCORIA | E345: TCCN-PTE-PSG | F345: 7200 - MOLIENDA ESCORIA | G345: TCCN-PTE-PSG-SAG | H345: MOLIENDA SAG | I345: TCCN-PTE-PSG-SAG-ENF | J345: SISTEMA ENFRIAMIENTO MOLINOS (SAG-BOLAS)
A346: TCCN | B346: EL TENIENTE GERENCIA DE PLANTAS | C346: TCCN-PTE | D346: PLANTA TRATAMIENTO DE ESCORIA | E346: TCCN-PTE-PSG | F346: 7200 - MOLIENDA ESCORIA | G346: TCCN-PTE-PSG-MSC | H346: MOLIENDA DE BOLAS - 7240 | I346: TCCN-PTE-PSG-MSC-B01 | J346: BOMBA ALIMENTACION HIDROCICLONES N°1 | L346: TCCN-PTE-PSG-MSC-B01-SMO | M346: SISTEMA MOTRIZ | N346: TCCN-PTE-PSG-MSC-B01-SMO-MOE | O346: MOTOR ELEC BBA ALIMENTAC HIDROCICLONES 1
A347: TCCN | B347: EL TENIENTE GERENCIA DE PLANTAS | C347: TCCN-PTE | D347: PLANTA TRATAMIENTO DE ESCORIA | E347: TCCN-PTE-PSG | F347: 7200 - MOLIENDA ESCORIA | G347: TCCN-PTE-PSG-MSC | H347: MOLIENDA DE BOLAS - 7240 | I347: TCCN-PTE-PSG-MSC-B01 | J347: BOMBA ALIMENTACION HIDROCICLONES N°1 | L347: TCCN-PTE-PSG-MSC-B01-SMO | M347: SISTEMA MOTRIZ | N347: TCCN-PTE-PSG-MSC-B01-SCP-TRN | O347: TRANSMISION BBA ALIMENTA HIDROCICLONES 1
A348: TCCN | B348: EL TENIENTE GERENCIA DE PLANTAS | C348: TCCN-PTE | D348: PLANTA TRATAMIENTO DE ESCORIA | E348: TCCN-PTE-PSG | F348: 7200 - MOLIENDA ESCORIA | G348: TCCN-PTE-PSG-MSC | H348: MOLIENDA DE BOLAS - 7240 | I348: TCCN-PTE-PSG-MSC-B02 | J348: BOMBA ALIMENTACION HIDROCICLONES N°2 | L348: TCCN-PTE-PSG-MSC-B02-SMO | M348: SISTEMA MOTRIZ | N348: TCCN-PTE-PSG-MSC-B02-SMO-MOE | O348: MOTOR ELEC BBA ALIMENTAC HIDROCICLONES 2
A349: TCCN | B349: EL TENIENTE GERENCIA DE PLANTAS | C349: TCCN-PTE | D349: PLANTA TRATAMIENTO DE ESCORIA | E349: TCCN-PTE-PSG | F349: 7200 - MOLIENDA ESCORIA | G349: TCCN-PTE-PSG-MSC | H349: MOLIENDA DE BOLAS - 7240 | I349: TCCN-PTE-PSG-MSC-B02 | J349: BOMBA ALIMENTACION HIDROCICLONES N°2 | L349: TCCN-PTE-PSG-MSC-B02-SMO | M349: SISTEMA MOTRIZ | N349: TCCN-PTE-PSG-MSC-B02-SCP-TRN | O349: TRANSMISION BBA ALIMENTA HIDROCICLONES 2
A350: TCCN | B350: EL TENIENTE GERENCIA DE PLANTAS | C350: TCCN-PTE | D350: PLANTA TRATAMIENTO DE ESCORIA | E350: TCCN-PTE-PSG | F350: 7200 - MOLIENDA ESCORIA | G350: TCCN-PTE-PSG-MSC | H350: MOLIENDA DE BOLAS - 7240 | I350: TCCN-PTE-PSG-MSC-BHI | J350: BATERIA DE 10 HIDROCICLONES N°1 | L350: TCCN-PTE-PSG-MSC-BHI-SES | M350: SISTEMA ESTRUCTURAL | N350: TCCN-PTE-PSG-MSC-BHI-SES-RVT | O350: REVESTIMIENTO BATERIA 10 HIDROCICLONES 1
A351: TCCN | B351: EL TENIENTE GERENCIA DE PLANTAS | C351: TCCN-PTE | D351: PLANTA TRATAMIENTO DE ESCORIA | E351: TCCN-PTE-PSG | F351: 7200 - MOLIENDA ESCORIA | G351: TCCN-PTE-PSG-MSC | H351: MOLIENDA DE BOLAS - 7240 | I351: TCCN-PTE-PSG-MSC-BHI | J351: BATERIA DE 10 HIDROCICLONES N°1 | L351: TCCN-PTE-PSG-MSC-BHI-SES | M351: SISTEMA ESTRUCTURAL | N351: TCCN-PTE-PSG-MSC-BHI-SES-BVV | O351: BANCO VALVULAS BATERIA 10 HIDROCICLONE 1
A352: TCCN | B352: EL TENIENTE GERENCIA DE PLANTAS | C352: TCCN-PTE | D352: PLANTA TRATAMIENTO DE ESCORIA | E352: TCCN-PTE-PSG | F352: 7200 - MOLIENDA ESCORIA | G352: TCCN-PTE-PSG-MSC | H352: MOLIENDA DE BOLAS - 7240 | I352: TCCN-PTE-PSG-MSC-BHI | J352: BATERIA DE 10 HIDROCICLONES N°1 | L352: TCCN-PTE-PSG-MSC-BHI-INS | M352: SISTEMA DE INSTRUMENTACION Y CONTROL | N352: TCCN-PTE-PSG-MSC-BHI-INS-TB1 | O352: TABLERO DISTRIB CTRL E INSTRUM HIDROCI 1
A353: TCCN | B353: EL TENIENTE GERENCIA DE PLANTAS | C353: TCCN-PTE | D353: PLANTA TRATAMIENTO DE ESCORIA | E353: TCCN-PTE-PSG | F353: 7200 - MOLIENDA ESCORIA | G353: TCCN-PTE-PSG-MSC | H353: MOLIENDA DE BOLAS - 7240 | I353: TCCN-PTE-PSG-MSC-MBO | J353: MOLINO DE BOLAS N°1 | L353: TCCN-PTE-PSG-MSC-MBO-SES | M353: SISTEMA ESTRUCTURAL | N353: TCCN-PTE-PSG-MSC-MBO-SES-TRO | O353: TROMMEL MOLINO DE BOLAS 1
A354: TCCN | B354: EL TENIENTE GERENCIA DE PLANTAS | C354: TCCN-PTE | D354: PLANTA TRATAMIENTO DE ESCORIA | E354: TCCN-PTE-PSG | F354: 7200 - MOLIENDA ESCORIA | G354: TCCN-PTE-PSG-MSC | H354: MOLIENDA DE BOLAS - 7240 | I354: TCCN-PTE-PSG-MSC-MBO | J354: MOLINO DE BOLAS N°1 | L354: TCCN-PTE-PSG-MSC-MBO-SES | M354: SISTEMA ESTRUCTURAL | N354: TCCN-PTE-PSG-MSC-MBO-SES-TN1 | O354: TRUNNION ALIMENTACION MOLINO DE BOLAS 1
A355: TCCN | B355: EL TENIENTE GERENCIA DE PLANTAS | C355: TCCN-PTE | D355: PLANTA TRATAMIENTO DE ESCORIA | E355: TCCN-PTE-PSG | F355: 7200 - MOLIENDA ESCORIA | G355: TCCN-PTE-PSG-MSC | H355: MOLIENDA DE BOLAS - 7240 | I355: TCCN-PTE-PSG-MSC-MBO | J355: MOLINO DE BOLAS N°1 | L355: TCCN-PTE-PSG-MSC-MBO-SES | M355: SISTEMA ESTRUCTURAL | N355: TCCN-PTE-PSG-MSC-MBO-SES-TN2 | O355: TRUNNION DESCARGA MOLINO DE BOLAS 1
...

Sheet EDE_CARGA
A1: UBICACIÓN TÉCNICA | B1: TIPO DE UBT | C1: NIVEL | D1: DENOMINACIÓN DE LA UBT (40) | E1: TAG | F1: GENERAL | AD1: EMPLAZAMIENTO | AP1: DATOS MT | BC1: ESTRUCTURA
F2: DATOS GENERALES | N2: DATOS DE APROVISIONAMIENTO | X2: GARANTÍA DE CLIENTE | AA2: GARANTÍA DE PROVEEDOR/FABRICANTE | AD2: DATOS DE EMPLAZAMIENTO | AK2: DIRECCIÓN | AP2: IMPUTACIÓN | AX2: RESPONSABLE | BC2: ESTRUCTURA
F3: CLASE | G3: TIPO OBJETO | H3: GRUPO DE AUTORIZACION | I3: PESO DEL OBJETO | J3: UNIDAD DE PESO | K3: TAMAÑO/DIMENSIÓN | L3: NÚMERO DE INVENTARIO | M3: FECHA DE PUESTA EN SERVICIO | N3: VALOR DE ADQUISICIÓN | O3: CLAVE DE MONEDA | P3: FECHA DE ADQUISICIÓN | Q3: FABRICANTE DEL ACTIVO FIJO | R3: PAÍS DE FABRICACIÓN | S3: DENOMINACIÓN DE TIPO DEL FABRICANTE | T3: AÑO DE CONSTRUCCIÓN | U3: MES DE CONSTRUCCIÓN | V3: NÚMERO DE PIEZA DE FABRICANTE | W3: NÚMERO DE SERIE SEGÚN EL FABRICANTE | X3: GARANTÍA/F.CONF | Y3: FIN DE GARANTÍA | Z3: GARANTÍA TIPO | AA3: GARANTÍA/F.CONF | AB3: FIN DE GARANTÍA | AC3: GARANTÍA TIPO | AD3: CENTRO DE EMPLAZAMIENTO | AE3: EMPLAZAMIENTO | AF3: LOCAL | AG3: ÁREA DE EMPRESA | AH3: PUESTO DE TRABAJO RESPONSABLE | AI3: INDICADOR ABC | AJ3: CAMPO DE CLASIFICACIÓN | AK3: NOMBRE | AL3: CALLE | AM3: POBLACIÓN | AN3: TELÉFONO | AO3: FAX | AP3: SOCIEDAD | AQ3: DIVISIÓN | AR3: NÚMERO ACTIVO FIJO | AS3: SUBNÚMERO DE ACTIVO FIJO | AT3: CENTRO DE COSTE | AU3: SOCIEDAD CO | AV3: ELEMENTO PEP | AW3: ORDEN DE LIQUIDACIÓN | AX3: CENTRO DE PLANIFICACIÓN | AY3: GRUPO PLANIFICADOR | AZ3: PUESTO DE TRABAJO RESPONSABLE EN MEDIDAS DE MANTENIMIENTO | BA3: PUESTO DE TRABAJO | BB3: PERFIL DE CATÁLOGO | BC3: IND. ESTRUCTURA | BD3: UBICACION TECNICA SUPERIOR | BE3: DENOMINACIÓN | BF3: POSICIÓN | BG3: UBIC. DE REF. | BH3: TIPO DE MONTAJE | BI3: TIPO
A4: TCCN | B4: P | C4: 1 | D4: EL TENIENTE GERENCIA DE PLANTAS
A5: TCCN-PTE | B5: P | C5: 2 | D5: PLANTA TRATAMIENTO DE ESCORIA
A6: TCCN-PTE-PCH | B6: P | C6: 3 | D6: 7100 - CHANCADO Y ACOPIO
A7: TCCN-PTE-PCH-CNP | B7: P | C7: 4 | D7: CHANCADO PRIMARIO
A8: TCCN-PTE-PCH-CNP-TOL | B8: P | C8: 5 | D8: TOLVA RECEPCION DE ESCORIA N°1 | E8: 07110-TOL-001
A9: TCCN-PTE-PCH-CNP-SLZ | B9: P | C9: 5 | D9: SISTEMA LANZAS TOLVA RECEPCION | E9: 07110-SLZ-001
A10: TCCN-PTE-PCH-CNP-SLZ-SHI | B10: P | C10: 6 | D10: UNIDAD HIDRAULICA | E10: 07110-SLZ-001-01
A11: TCCN-PTE-PCH-CNP-SLZ-SHI-CIH | B11: P | C11: 7 | D11: CILINDROS ACTUADORES LANZAS TOLVA RECEP.
A12: TCCN-PTE-PCH-CNP-SLZ-SHI-BBA | B12: P | C12: 7 | D12: BOMBA HIDR LANZAS TOLVA RECEP.
A13: TCCN-PTE-PCH-CNP-SLZ-SHI-ETQ | B13: P | C13: 7 | D13: ESTANQUE LANZAS TOLVA RECEP.
A14: TCCN-PTE-PCH-CNP-SLZ-SHI-MOE | B14: P | C14: 7 | D14: MOTOR ELEC LANZAS TOLVA RECEP. | E14: 07110-SLZ-001-01M
A15: TCCN-PTE-PCH-CNP-SLZ-SHI-CUH | B15: P | C15: 7 | D15: CALEFACTOR EN DEPOSITO | E15: 07110-SLZ-001-01-1
A16: TCCN-PTE-PCH-CNP-SLZ-SME | B16: P | C16: 6 | D16: SISTEMA MECANICO
A17: TCCN-PTE-PCH-CNP-SLZ-SME-LAN | B17: P | C17: 7 | D17: SET DE LANZAS
A18: TCCN-PTE-PCH-CNP-SLZ-SME-CRL | B18: P | C18: 7 | D18: CARRO LANZAS
A19: TCCN-PTE-PCH-CNP-SLZ-SES | B19: P | C19: 6 | D19: SISTEMA ESTRUCTURAL
A20: TCCN-PTE-PCH-CNP-SLZ-SES-CHU | B20: P | C20: 7 | D20: CHUTE SISTEMA DE LANZAS | E20: 07110-SLZ-001-02
A21: TCCN-PTE-PCH-CNP-APC | B21: P | C21: 5 | D21: ALIMENTADOR DE PLACAS TOLVA ESCORIA N°1 | E21: 07120-APC-001
A22: TCCN-PTE-PCH-CNP-APC-SME | B22: P | C22: 6 | D22: SISTEMA MECANICO
A23: TCCN-PTE-PCH-CNP-APC-SME-RUE | B23: P | C23: 7 | D23: RUEDA DE COLA ALIMENTADOR PLACAS TOLVA 1
A24: TCCN-PTE-PCH-CNP-APC-SME-PNN | B24: P | C24: 7 | D24: PIÑON DE CABEZA ALIMENTAD PLACAS TOLVA 1
A25: TCCN-PTE-PCH-CNP-APC-SME-CZP | B25: P | C25: 7 | D25: CADENA ALIMENTADOR DE PLACAS TOLVA 1
A26: TCCN-PTE-PCH-CNP-APC-SME-PLA | B26: P | C26: 7 | D26: PLACAS ALIMENTADOR DE PLACAS TOLVA 1
A27: TCCN-PTE-PCH-CNP-APC-INS | B27: P | C27: 6 | D27: SISTEMA DE INSTRUMENTACION Y CONTROL
A28: TCCN-PTE-PCH-CNP-APC-INS-PE1 | B28: P | C28: 7 | D28: PARADA DE EMERGENCIA RS-2 (PULL CORD) | E28: 07120-HSS-0113A
A29: TCCN-PTE-PCH-CNP-APC-INS-PE2 | B29: P | C29: 7 | D29: PARADA DE EMERGENCIA RS-2 (PULL CORD) | E29: 07120-HSS-0113B
A30: TCCN-PTE-PCH-CNP-APC-INS-SA1 | B30: P | C30: 7 | D30: SENSOR DE ATOLLO – CT105 TIPO W
A31: TCCN-PTE-PCH-CNP-APC-INS-SA2 | B31: P | C31: 7 | D31: SENSOR DE ATOLLO – CT201G TIPO W
A32: TCCN-PTE-PCH-CNP-APC-INS-SV1 | B32: P | C32: 7 | D32: SENSOR DE VELOCIDAD CERO - RMS-1G TIP W | E32: 07120-SE/SSL-0110
A33: TCCN-PTE-PCH-CNP-APC-INS-SV2 | B33: P | C33: 7 | D33: SENSOR DE VELOCIDAD CERO – RMS 30S TIP W
A34: TCCN-PTE-PCH-CNP-APC-INS-SS1 | B34: P | C34: 7 | D34: SENSOR TEMPERATURA DESCANSOS PT-100 | E34: 07120-TE/TT-0114A
A35: TCCN-PTE-PCH-CNP-APC-INS-SS2 | B35: P | C35: 7 | D35: SENSOR TEMPERATURA DESCANSOS PT-101 | E35: 07120-TE/TT-0114B
A36: TCCN-PTE-PCH-CNP-APC-INS-BY1 | B36: P | C36: 7 | D36: BOCINA 876-N5 TIPO W | E36: 07120-YA-0107
A37: TCCN-PTE-PCH-CNP-APC-INS-BLZ | B37: P | C37: 7 | D37: BALIZA SINALIZ. 52 A-N5-40WH-WBR TIPO W | E37: 07120-YL-0107
A38: TCCN-PTE-PCH-CNP-APC-SLU | B38: P | C38: 6 | D38: UNIDAD DE LUBRICACION | E38: 07120-APC-001-03
A39: TCCN-PTE-PCH-CNP-APC-SLU-BBA | B39: P | C39: 7 | D39: BOMBA ALIMENTADOR DE PLACAS TOLVA 1
A40: TCCN-PTE-PCH-CNP-APC-SLU-MOE | B40: P | C40: 7 | D40: MOTOR SISTEMA DE LUBRICACION A GRASA | E40: 07120-APC-001-03M
A41: TCCN-PTE-PCH-CNP-APC-SLU-MNF | B41: P | C41: 7 | D41: DISTRIBUIDOR DE FLUJO ALIM PLACA TOLVA 1
A42: TCCN-PTE-PCH-CNP-APC-SLU-SSN | B42: P | C42: 7 | D42: SENSOR DE NIVEL - PN.SN03-T3R008
A43: TCCN-PTE-PCH-CNP-APC-SLU-SSS | B43: P | C43: 7 | D43: SENSOR DE CICLO - DPCC-12AL00003NA
A44: TCCN-PTE-PCH-CNP-APC-SHI | B44: P | C44: 6 | D44: UNIDAD HIDRAULICA | E44: 07120-APC-001-01
A45: TCCN-PTE-PCH-CNP-APC-SHI-BBA | B45: P | C45: 7 | D45: BOMBA HIDR UNID HIDR ALIM PLACAS 1
A46: TCCN-PTE-PCH-CNP-APC-SHI-ADP | B46: P | C46: 7 | D46: ACUMULADOR PRESION UNID HID ALIM PLAC 1
A47: TCCN-PTE-PCH-CNP-APC-SHI-ETQ | B47: P | C47: 7 | D47: ESTANQUE UNIDAD HID ALIMENTADOR PLACAS 1
A48: TCCN-PTE-PCH-CNP-APC-SHI-MO1 | B48: P | C48: 7 | D48: MOTOR ELEC UNIDAD HID ALIM PLACAS 1 | E48: 07120-APC-001-M1
A49: TCCN-PTE-PCH-CNP-APC-SHI-MO2 | B49: P | C49: 7 | D49: MOTOR ELECTRICO ENFRIADOR 0,75 kW | E49: 07120-APC-001-M2
A50: TCCN-PTE-PCH-CNP-APC-SHI-MO3 | B50: P | C50: 7 | D50: MOTOR ELECTRICO FLUSHING 18kW | E50: 07120-APC-001-M3
A51: TCCN-PTE-PCH-CNP-APC-SHI-CUH | B51: P | C51: 7 | D51: CALEFACTOR EN DEPOSITO | E51: 07120-APC-001-HE1
A52: TCCN-PTE-PCH-CNP-APC-SHI-SST | B52: P | C52: 7 | D52: SENSOR DE TEMPERATURA | E52: 07120-TE-1031A
A53: TCCN-PTE-PCH-CNP-APC-SHI-SSN | B53: P | C53: 7 | D53: SENSOR NIVEL DE ACEITE | E53: 07120-LIT-1031
A54: TCCN-PTE-PCH-CNP-APC-SES | B54: P | C54: 6 | D54: SISTEMA ESTRUCTURAL
A55: TCCN-PTE-PCH-CNP-APC-SES-CH1 | B55: P | C55: 7 | D55: CHUTE ALIMENTACION ALIMENTADOR DE PLACAS | E55: 07120-APC-001-02
A56: TCCN-PTE-PCH-CNP-APC-SES-CH2 | B56: P | C56: 7 | D56: CHUTE RECOLECTOR DE FINOS | E56: 07120-CHU-002
A57: TCCN-PTE-PCH-CNP-CHM | B57: P | C57: 5 | D57: CHANCADOR DE MANDIBULA | E57: 07120-CHM-001
A58: TCCN-PTE-PCH-CNP-CHM-SES | B58: P | C58: 6 | D58: SISTEMA ESTRUCTURAL
A59: TCCN-PTE-PCH-CNP-CHM-SES-MDB | B59: P | C59: 7 | D59: MANDIBULAS CHANCADOR DE MANDIBULA
A60: TCCN-PTE-PCH-CNP-CHM-SES-ART | B60: P | C60: 7 | D60: ARTICULACION CHANCADOR DE MANDIBULA
A61: TCCN-PTE-PCH-CNP-CHM-SMO | B61: P | C61: 6 | D61: SISTEMA MOTRIZ
A62: TCCN-PTE-PCH-CNP-CHM-SMO-MOE | B62: P | C62: 7 | D62: MOTOR ELEC CHANCADOR DE MANDIBULA | E62: 07120-CHM-001M
A63: TCCN-PTE-PCH-CNP-CHM-SMO-TRN | B63: P | C63: 7 | D63: TRANSMISION CHANCADOR DE MANDIBULA
A64: TCCN-PTE-PCH-CNP-CHM-SMO-DES | B64: P | C64: 7 | D64: DESCANSOS CHANCADOR DE MANDIBULA
A65: TCCN-PTE-PCH-CNP-CHM-INS | B65: P | C65: 6 | D65: SISTEMA DE INSTRUMENTACION Y CONTROL
A66: TCCN-PTE-PCH-CNP-CHM-INS-UCT | B66: P | C66: 7 | D66: UNIDAD DE CONTROL CHANCADOR DE MANDIBULA
A67: TCCN-PTE-PCH-CNP-CHM-SHI | B67: P | C67: 6 | D67: SISTEMA HIDRAULICO | E67: 07120-CHM-001-01
A68: TCCN-PTE-PCH-CNP-CHM-SHI-BBA | B68: P | C68: 7 | D68: BOMBA HIDR CHANCADOR DE MANDIBULA
A69: TCCN-PTE-PCH-CNP-CHM-SHI-ADP | B69: P | C69: 7 | D69: ACUMULADOR DE PRESION CHANC DE MANDIBULA
A70: TCCN-PTE-PCH-CNP-CHM-SHI-ETQ | B70: P | C70: 7 | D70: ESTANQUE CHANCADOR DE MANDIBULA
A71: TCCN-PTE-PCH-CNP-CHM-SHI-MOE | B71: P | C71: 7 | D71: MOTOR ELEC CHANCADOR DE MANDIBULA | E71: 07120-CHM-001-01M
A72: TCCN-PTE-PCH-CNP-CHM-SHI-CUH | B72: P | C72: 7 | D72: CALENTADOR N02125761 1,5kW
A73: TCCN-PTE-PCH-CNP-CHM-SLU | B73: P | C73: 6 | D73: SISTEMA DE LUBRICACION | E73: 07120-CHM-001-02
A74: TCCN-PTE-PCH-CNP-CHM-SLU-MOE | B74: P | C74: 7 | D74: MOTOR ELEC UDL CHANCAD DE MANDIBULA | E74: 07120-CHM-001-02M
A75: TCCN-PTE-PCH-CNP-CHM-SLU-CDV | B75: P | C75: 7 | D75: CUADRO DE VALVULAS CHANCAD DE MANDIBULA
A76: TCCN-PTE-PCH-CNP-CHM-SES | B76: P | C76: 6 | D76: SISTEMA ESTRUCTURAL
A77: TCCN-PTE-PCH-CNP-CHM-SES-CH1 | B77: P | C77: 7 | D77: CHUTE ALIMENTACION CHANCADOR | E77: 07120-CHU-001
A78: TCCN-PTE-PCH-CNP-CHM-SES-CH2 | B78: P | C78: 7 | D78: CHUTE DE DESCARGA CHANCADOR | E78: 07120-CHU-003
A79: TCCN-PTE-PCH-CNP-CTR | B79: P | C79: 5 | D79: CORREA ALIMENTACION DE ACOPIO N°1 | E79: 07120-CTR-001
A80: TCCN-PTE-PCH-CNP-CTR-SES | B80: P | C80: 6 | D80: SISTEMA ESTRUCTURAL
A81: TCCN-PTE-PCH-CNP-CTR-SES-EST | B81: P | C81: 7 | D81: ESTRUCTURA PPAL CORREA ALIMENT ACOPIO 1
A82: TCCN-PTE-PCH-CNP-CTR-SES-CHU | B82: P | C82: 7 | D82: CHUTE DE DESCARGA A ACOPIO | E82: 07120-CTR-001-05
A83: TCCN-PTE-PCH-CNP-CTR-STR | B83: P | C83: 6 | D83: SISTEMA TRANSPORTE
A84: TCCN-PTE-PCH-CNP-CTR-STR-CTA | B84: P | C84: 7 | D84: CINTA CORREA ALIMENTACION DE ACOPIO N°1
A85: TCCN-PTE-PCH-CNP-CTR-STR-PDC | B85: P | C85: 7 | D85: POLEA DE CABEZA
A86: TCCN-PTE-PCH-CNP-CTR-STR-PCO | B86: P | C86: 7 | D86: POLEA DE COLA Y CONTRAPESO
A87: TCCN-PTE-PCH-CNP-CTR-STR-PDF | B87: P | C87: 7 | D87: POLEAS DEFLECTORAS
A88: TCCN-PTE-PCH-CNP-CTR-STE | B88: P | C88: 6 | D88: SISTEMA TENSOR
A89: TCCN-PTE-PCH-CNP-CTR-STE-TEN | B89: P | C89: 7 | D89: TENSOR GRAVITACIONAL CORREA ALIM ACOP 1
A90: TCCN-PTE-PCH-CNP-CTR-SMO | B90: P | C90: 6 | D90: SISTEMA MOTRIZ
A91: TCCN-PTE-PCH-CNP-CTR-SMO-MOE | B91: P | C91: 7 | D91: MOTOR ELEC CORREA ALIMENT ACOPIO 1 | E91: 07120-CTR-001M
A92: TCCN-PTE-PCH-CNP-CTR-SMO-RED | B92: P | C92: 7 | D92: REDUCTOR CORREA ALIMENTACION DE ACOPIO 1
A93: TCCN-PTE-PCH-CNP-CTR-SMO-ACP | B93: P | C93: 7 | D93: ACOPLAMIENTO CORREA ALIMENTAC ACOPIO 1
A94: TCCN-PTE-PCH-CNP-CTR-SMO-FSE | B94: P | C94: 7 | D94: FRENO BACKSTOP CORREA ALIMENTAC ACOPIO 1
A95: TCCN-PTE-PCH-CNP-CTR-SMO-PMO | B95: P | C95: 7 | D95: POLEA MOTRIZ CORREA ALIMENTAC ACOPIO 1
A96: TCCN-PTE-PCH-CNP-CTR-SPJ | B96: P | C96: 6 | D96: SISTEMA PESAJE
A97: TCCN-PTE-PCH-CNP-CTR-SPJ-PES | B97: P | C97: 7 | D97: PESOMETRO DE CORREA ALIM ACOPIO 1 | E97: 07120-PES-001
A98: TCCN-PTE-PCH-CNP-TC1 | B98: P | C98: 5 | D98: TECLE APOYO MANTENCION CORREA A ACOPIO | E98: 07120-CTR-001-01
A99: TCCN-PTE-PCH-CNP-TC1-SIZ | B99: P | C99: 6 | D99: SISTEMA IZAJE
A100: TCCN-PTE-PCH-CNP-TC1-SIZ-MOE | B100: P | C100: 7 | D100: MOTOR ELEC IZAJE TECLE MTTO CTR ACOPIO | E100: 07120-CTR-001-01M
...

Sheet datos
A1: Caracteres (sin guiones) | B1: Nivel | C1: Restar "-" | D1: Carac.niv.sup.
A2: 0 | B2: 0 | C2: 7
A3: 4 | B3: 1 | C3: 6
A4: 7 | B4: 2 | C4: 5 | D4: 4
A5: 10 | B5: 3 | C5: 4 | D5: 8
A6: 13 | B6: 4 | C6: 3 | D6: 12
A7: 16 | B7: 5 | C7: 2 | D7: 16
A8: 19 | B8: 6 | C8: 1 | D8: 20
A9: 22 | B9: 7 | C9: 0 | D9: 24
A10: 25 | B10: 8 | C10: 0 | D10: 28
A11: 28 | B11: 9 | C11: 0
A12: 31 | B12: 10 | C12: 0
